Timestamp,CPU_Perc,Mem_Usage
1780074026000,0.63%,60.81MiB / 7.563GiB
1780074029000,0.90%,60.15MiB / 7.563GiB
1780074031000,0.96%,60.54MiB / 7.563GiB
1780074033000,1.19%,61.01MiB / 7.563GiB
1780074035000,9.17%,60.52MiB / 7.563GiB
1780074037000,0.36%,61.26MiB / 7.563GiB
1780074040000,0.83%,60.58MiB / 7.563GiB
1780074042000,0.61%,60.92MiB / 7.563GiB
1780074044000,0.43%,60.38MiB / 7.563GiB
1780074046000,0.34%,61.11MiB / 7.563GiB
1780074049000,0.70%,61.7MiB / 7.563GiB
1780074051000,0.74%,60.91MiB / 7.563GiB
1780074053000,0.37%,61.35MiB / 7.563GiB
1780074055000,0.34%,60.79MiB / 7.563GiB
1780074058000,0.58%,61.49MiB / 7.563GiB
1780074061000,1.53%,61.07MiB / 7.563GiB
1780074063000,0.47%,61.34MiB / 7.563GiB
1780074065000,0.72%,62MiB / 7.563GiB
1780074067000,0.27%,62.5MiB / 7.563GiB
1780074070000,0.55%,62.04MiB / 7.563GiB
1780074072000,0.32%,61.75MiB / 7.563GiB
1780074074000,0.22%,61.77MiB / 7.563GiB
1780074076000,0.84%,61.18MiB / 7.563GiB
1780074078000,0.90%,61.54MiB / 7.563GiB
1780074081000,0.60%,61.08MiB / 7.563GiB
1780074083000,0.58%,61.43MiB / 7.563GiB
1780074085000,0.79%,61.79MiB / 7.563GiB
1780074087000,0.82%,61.41MiB / 7.563GiB
1780074090000,0.45%,61.52MiB / 7.563GiB
1780074092000,0.31%,61.25MiB / 7.563GiB
1780074094000,0.54%,61.36MiB / 7.563GiB
1780074096000,0.84%,61.53MiB / 7.563GiB
1780074099000,0.95%,61.87MiB / 7.563GiB
1780074101000,0.46%,61.39MiB / 7.563GiB
1780074103000,0.39%,61.99MiB / 7.563GiB
1780074105000,0.86%,62.05MiB / 7.563GiB
1780074107000,1.04%,62.04MiB / 7.563GiB
1780074110000,0.59%,62.14MiB / 7.563GiB
1780074112000,0.66%,61.68MiB / 7.563GiB
1780074115000,0.46%,61.78MiB / 7.563GiB
1780074117000,0.81%,61.52MiB / 7.563GiB
1780074120000,0.51%,61.8MiB / 7.563GiB
1780074122000,0.46%,62.11MiB / 7.563GiB
1780074124000,0.49%,61.6MiB / 7.563GiB
1780074126000,8.11%,61.93MiB / 7.563GiB
1780074128000,0.54%,61.89MiB / 7.563GiB
1780074131000,0.76%,62.3MiB / 7.563GiB
1780074133000,0.97%,62.46MiB / 7.563GiB
1780074135000,0.39%,62.82MiB / 7.563GiB
1780074137000,0.25%,63.14MiB / 7.563GiB
1780074140000,0.22%,62.42MiB / 7.563GiB
1780074142000,0.53%,62.43MiB / 7.563GiB
1780074144000,0.43%,62.5MiB / 7.563GiB
1780074146000,0.45%,61.96MiB / 7.563GiB
1780074149000,0.54%,62.55MiB / 7.563GiB
1780074151000,1.15%,61.79MiB / 7.563GiB
1780074153000,0.45%,62.29MiB / 7.563GiB
1780074155000,0.91%,62.75MiB / 7.563GiB
1780074157000,0.58%,62.84MiB / 7.563GiB
1780074160000,0.39%,62.79MiB / 7.563GiB
1780074162000,0.53%,62MiB / 7.563GiB
1780074164000,0.34%,62.41MiB / 7.563GiB
1780074167000,0.29%,62.28MiB / 7.563GiB
1780074170000,0.38%,63.11MiB / 7.563GiB
1780074172000,1.09%,62.18MiB / 7.563GiB
1780074174000,0.37%,62.75MiB / 7.563GiB
1780074176000,0.45%,62.62MiB / 7.563GiB
1780074178000,0.46%,62.49MiB / 7.563GiB
1780074181000,0.79%,62.86MiB / 7.563GiB
1780074183000,0.62%,62.44MiB / 7.563GiB
1780074185000,0.52%,63.01MiB / 7.563GiB
1780074187000,0.36%,62.31MiB / 7.563GiB
1780074190000,0.53%,62.88MiB / 7.563GiB
1780074192000,2.12%,62.92MiB / 7.563GiB
1780074194000,0.79%,62.56MiB / 7.563GiB
1780074196000,0.52%,62.75MiB / 7.563GiB
1780074198000,0.75%,62.36MiB / 7.563GiB
1780074201000,0.38%,62.57MiB / 7.563GiB
1780074203000,0.37%,63.39MiB / 7.563GiB
1780074205000,0.76%,63.41MiB / 7.563GiB
1780074207000,0.48%,64.06MiB / 7.563GiB
1780074210000,0.43%,63.24MiB / 7.563GiB
1780074212000,0.24%,63.26MiB / 7.563GiB
1780074214000,0.49%,63.27MiB / 7.563GiB
1780074216000,0.72%,63.37MiB / 7.563GiB
1780074219000,0.67%,62.73MiB / 7.563GiB
1780074221000,0.44%,63.07MiB / 7.563GiB
1780074223000,0.44%,63.4MiB / 7.563GiB
1780074226000,0.54%,62.65MiB / 7.563GiB
1780074228000,0.51%,63.36MiB / 7.563GiB
1780074231000,0.46%,62.9MiB / 7.563GiB
1780074233000,0.84%,63.48MiB / 7.563GiB
1780074235000,0.53%,63.53MiB / 7.563GiB
1780074237000,0.47%,63.02MiB / 7.563GiB
1780074240000,0.33%,63.4MiB / 7.563GiB
1780074242000,0.46%,63.01MiB / 7.563GiB
1780074244000,0.60%,63.56MiB / 7.563GiB
1780074246000,0.23%,63.61MiB / 7.563GiB
1780074248000,0.51%,63.43MiB / 7.563GiB
1780074251000,1.59%,62.84MiB / 7.563GiB
1780074253000,0.73%,63.17MiB / 7.563GiB
1780074255000,0.62%,63.63MiB / 7.563GiB
1780074257000,0.28%,63.1MiB / 7.563GiB
1780074260000,0.29%,63.42MiB / 7.563GiB
1780074262000,0.79%,63.04MiB / 7.563GiB
1780074264000,0.27%,63.25MiB / 7.563GiB
1780074266000,0.85%,63.79MiB / 7.563GiB
1780074269000,0.71%,63.25MiB / 7.563GiB
1780074271000,1.68%,63.59MiB / 7.563GiB
1780074273000,0.49%,63.84MiB / 7.563GiB
1780074275000,0.80%,64.3MiB / 7.563GiB
1780074277000,0.27%,64.78MiB / 7.563GiB
1780074280000,0.46%,64.29MiB / 7.563GiB
1780074283000,0.47%,64.54MiB / 7.563GiB
1780074285000,0.68%,63.68MiB / 7.563GiB
1780074287000,0.21%,63.74MiB / 7.563GiB
1780074290000,0.42%,64.2MiB / 7.563GiB
1780074292000,0.62%,63.58MiB / 7.563GiB
1780074294000,0.34%,63.95MiB / 7.563GiB
1780074296000,0.37%,63.32MiB / 7.563GiB
1780074298000,0.52%,63.8MiB / 7.563GiB
1780074301000,1.54%,63.5MiB / 7.563GiB
1780074303000,0.50%,63.66MiB / 7.563GiB
1780074305000,0.60%,64.02MiB / 7.563GiB
1780074307000,0.35%,64.02MiB / 7.563GiB
1780074310000,0.47%,64.1MiB / 7.563GiB
1780074312000,0.32%,64MiB / 7.563GiB
1780074314000,0.24%,64.03MiB / 7.563GiB
1780074316000,0.53%,64.8MiB / 7.563GiB
1780074319000,0.74%,64.31MiB / 7.563GiB
1780074322000,0.59%,64.56MiB / 7.563GiB
1780074324000,0.93%,63.71MiB / 7.563GiB
1780074326000,0.92%,64.03MiB / 7.563GiB
1780074328000,0.95%,63.96MiB / 7.563GiB
1780074331000,1.08%,64.11MiB / 7.563GiB
1780074333000,0.38%,64.82MiB / 7.563GiB
1780074335000,1.07%,64.32MiB / 7.563GiB
1780074337000,1.19%,65.07MiB / 7.563GiB
1780074340000,0.85%,64.12MiB / 7.563GiB
1780074342000,0.25%,64.3MiB / 7.563GiB
1780074344000,0.38%,64.85MiB / 7.563GiB
1780074346000,0.55%,65.24MiB / 7.563GiB
1780074348000,0.77%,65.68MiB / 7.563GiB
1780074351000,0.61%,64.96MiB / 7.563GiB
1780074353000,0.45%,64.97MiB / 7.563GiB
1780074355000,1.30%,64.58MiB / 7.563GiB
1780074357000,0.52%,64.5MiB / 7.563GiB
1780074360000,0.21%,65.18MiB / 7.563GiB
1780074362000,0.56%,64.52MiB / 7.563GiB
1780074364000,0.37%,64.68MiB / 7.563GiB
1780074366000,0.25%,65MiB / 7.563GiB
1780074368000,0.50%,64.54MiB / 7.563GiB
1780074371000,0.43%,64.86MiB / 7.563GiB
1780074373000,0.71%,64.48MiB / 7.563GiB
1780074375000,0.43%,64.7MiB / 7.563GiB
1780074377000,0.33%,64.4MiB / 7.563GiB
1780074380000,0.25%,64.94MiB / 7.563GiB
1780074383000,1.03%,65.27MiB / 7.563GiB
1780074385000,0.35%,64.46MiB / 7.563GiB
1780074387000,0.83%,64.94MiB / 7.563GiB
1780074390000,0.50%,65.4MiB / 7.563GiB
1780074392000,2.06%,64.82MiB / 7.563GiB
1780074394000,0.63%,65.23MiB / 7.563GiB
1780074396000,0.31%,65.25MiB / 7.563GiB
1780074398000,0.50%,65.18MiB / 7.563GiB
1780074401000,0.63%,64.67MiB / 7.563GiB
1780074403000,0.49%,65.17MiB / 7.563GiB
1780074405000,0.34%,65.37MiB / 7.563GiB
1780074407000,0.36%,65.36MiB / 7.563GiB
1780074410000,0.54%,65.69MiB / 7.563GiB
1780074412000,1.27%,65.91MiB / 7.563GiB
1780074414000,0.56%,66.41MiB / 7.563GiB
1780074416000,0.43%,66.6MiB / 7.563GiB
1780074418000,0.51%,65.73MiB / 7.563GiB
1780074421000,0.75%,65.98MiB / 7.563GiB
1780074423000,0.50%,65.59MiB / 7.563GiB
1780074425000,0.48%,65.87MiB / 7.563GiB
1780074427000,0.26%,65.22MiB / 7.563GiB
1780074430000,1.10%,65.83MiB / 7.563GiB
1780074432000,0.23%,65.6MiB / 7.563GiB
1780074434000,0.50%,65.56MiB / 7.563GiB
1780074436000,0.46%,65.55MiB / 7.563GiB
1780074439000,0.77%,65.27MiB / 7.563GiB
1780074441000,0.67%,65.32MiB / 7.563GiB
1780074444000,0.45%,65.64MiB / 7.563GiB
1780074446000,0.71%,65.33MiB / 7.563GiB
1780074448000,0.46%,65.47MiB / 7.563GiB
1780074451000,0.24%,65.71MiB / 7.563GiB
1780074453000,0.23%,65.34MiB / 7.563GiB
1780074455000,0.49%,65.66MiB / 7.563GiB
1780074457000,8.92%,65.4MiB / 7.563GiB
1780074460000,0.72%,65.93MiB / 7.563GiB
1780074462000,0.40%,65.95MiB / 7.563GiB
1780074464000,0.50%,65.75MiB / 7.563GiB
1780074466000,0.33%,66.01MiB / 7.563GiB
1780074468000,0.55%,65.64MiB / 7.563GiB
1780074471000,0.39%,66MiB / 7.563GiB
1780074473000,0.45%,65.71MiB / 7.563GiB
1780074475000,1.12%,65.95MiB / 7.563GiB
1780074477000,0.69%,65.33MiB / 7.563GiB
1780074480000,0.33%,66.29MiB / 7.563GiB
1780074482000,1.03%,66.54MiB / 7.563GiB
1780074484000,0.56%,66.39MiB / 7.563GiB
1780074486000,0.33%,66.79MiB / 7.563GiB
1780074488000,0.43%,66.38MiB / 7.563GiB
1780074491000,0.80%,66.91MiB / 7.563GiB
1780074493000,2.80%,66.75MiB / 7.563GiB
1780074495000,0.58%,65.84MiB / 7.563GiB
1780074497000,0.23%,66.11MiB / 7.563GiB
1780074500000,0.28%,66.5MiB / 7.563GiB
1780074502000,0.55%,66.26MiB / 7.563GiB
1780074504000,0.30%,66.06MiB / 7.563GiB
1780074507000,0.46%,65.76MiB / 7.563GiB
1780074510000,0.49%,66.34MiB / 7.563GiB
1780074512000,0.70%,65.72MiB / 7.563GiB
1780074514000,0.43%,65.94MiB / 7.563GiB
1780074516000,0.52%,66.26MiB / 7.563GiB
1780074518000,0.26%,66MiB / 7.563GiB
1780074521000,0.55%,66.8MiB / 7.563GiB
1780074523000,0.24%,66.57MiB / 7.563GiB
1780074525000,0.31%,66.04MiB / 7.563GiB
1780074527000,0.25%,66.43MiB / 7.563GiB
1780074530000,0.40%,66.11MiB / 7.563GiB
1780074532000,0.49%,66.59MiB / 7.563GiB
1780074534000,0.50%,67.17MiB / 7.563GiB
1780074536000,0.66%,66.38MiB / 7.563GiB
1780074538000,0.61%,66.64MiB / 7.563GiB
1780074541000,1.38%,66.45MiB / 7.563GiB
1780074543000,0.48%,66.93MiB / 7.563GiB
1780074545000,0.81%,67.09MiB / 7.563GiB
1780074547000,7.17%,66.68MiB / 7.563GiB
1780074550000,0.45%,66.73MiB / 7.563GiB
1780074552000,0.31%,67MiB / 7.563GiB
1780074554000,0.35%,66.72MiB / 7.563GiB
1780074556000,6.03%,67.36MiB / 7.563GiB
1780074558000,1.18%,67.89MiB / 7.563GiB
1780074561000,0.49%,68.53MiB / 7.563GiB
1780074563000,0.52%,67.22MiB / 7.563GiB
1780074565000,1.00%,67.25MiB / 7.563GiB
1780074568000,0.48%,67.25MiB / 7.563GiB
1780074571000,0.30%,66.51MiB / 7.563GiB
1780074573000,0.22%,66.82MiB / 7.563GiB
1780074575000,0.51%,66.55MiB / 7.563GiB
1780074577000,0.72%,67.12MiB / 7.563GiB
1780074580000,0.50%,67.23MiB / 7.563GiB
1780074582000,0.60%,66.68MiB / 7.563GiB
1780074584000,0.65%,67MiB / 7.563GiB
1780074586000,0.55%,67.23MiB / 7.563GiB
1780074588000,0.20%,66.95MiB / 7.563GiB
1780074591000,0.21%,67.68MiB / 7.563GiB
1780074593000,0.43%,66.81MiB / 7.563GiB
1780074595000,0.59%,67.08MiB / 7.563GiB
1780074597000,0.74%,66.98MiB / 7.563GiB
1780074600000,0.45%,67.3MiB / 7.563GiB
1780074602000,0.39%,67.62MiB / 7.563GiB
1780074604000,0.95%,67.03MiB / 7.563GiB
1780074606000,0.26%,67.04MiB / 7.563GiB
1780074608000,0.57%,67.09MiB / 7.563GiB
1780074611000,0.61%,67.26MiB / 7.563GiB
1780074613000,0.56%,67.04MiB / 7.563GiB
1780074615000,0.34%,67.15MiB / 7.563GiB
1780074617000,0.34%,67.82MiB / 7.563GiB
1780074620000,0.34%,67.79MiB / 7.563GiB
1780074622000,0.65%,67.77MiB / 7.563GiB
1780074624000,0.25%,67.75MiB / 7.563GiB
1780074627000,0.54%,67.45MiB / 7.563GiB
1780074630000,0.46%,67.7MiB / 7.563GiB
1780074632000,0.68%,67.7MiB / 7.563GiB
1780074634000,0.95%,67.96MiB / 7.563GiB
1780074636000,0.52%,68.28MiB / 7.563GiB
1780074638000,8.29%,67.99MiB / 7.563GiB
1780074641000,0.59%,68MiB / 7.563GiB
1780074643000,0.25%,67.75MiB / 7.563GiB
1780074645000,0.22%,67.16MiB / 7.563GiB
1780074647000,0.54%,67.7MiB / 7.563GiB
1780074650000,1.04%,67.21MiB / 7.563GiB
1780074652000,0.92%,67.5MiB / 7.563GiB
1780074654000,0.51%,67.76MiB / 7.563GiB
1780074656000,0.52%,67.32MiB / 7.563GiB
1780074658000,0.46%,67.77MiB / 7.563GiB
1780074661000,2.69%,67.58MiB / 7.563GiB
1780074663000,0.54%,67.51MiB / 7.563GiB
1780074665000,0.60%,67.96MiB / 7.563GiB
1780074667000,6.94%,75.67MiB / 7.563GiB
1780074670000,0.74%,67.92MiB / 7.563GiB
1780074672000,0.39%,67.98MiB / 7.563GiB
1780074674000,0.24%,68.29MiB / 7.563GiB
1780074677000,0.53%,67.52MiB / 7.563GiB
1780074680000,1.07%,67.81MiB / 7.563GiB
1780074682000,0.69%,68.04MiB / 7.563GiB
1780074684000,1.11%,67.44MiB / 7.563GiB
1780074686000,0.61%,67.62MiB / 7.563GiB
1780074688000,0.55%,67.21MiB / 7.563GiB
1780074691000,0.74%,67.52MiB / 7.563GiB
1780074693000,0.41%,67.75MiB / 7.563GiB
1780074695000,0.78%,67.72MiB / 7.563GiB
1780074697000,0.73%,67.94MiB / 7.563GiB
1780074700000,1.11%,67.58MiB / 7.563GiB
1780074702000,0.56%,68.32MiB / 7.563GiB
1780074704000,0.65%,68.14MiB / 7.563GiB
1780074707000,0.73%,67.99MiB / 7.563GiB
1780074709000,1.29%,67.25MiB / 7.563GiB
1780074712000,0.73%,67.49MiB / 7.563GiB
1780074714000,0.57%,68.05MiB / 7.563GiB
1780074716000,0.97%,67.4MiB / 7.563GiB
1780074718000,0.44%,67.79MiB / 7.563GiB
1780074721000,0.21%,68.03MiB / 7.563GiB
1780074723000,0.38%,67.53MiB / 7.563GiB
1780074725000,0.87%,67.84MiB / 7.563GiB
1780074727000,1.17%,67.59MiB / 7.563GiB
1780074730000,0.94%,67.98MiB / 7.563GiB
1780074732000,0.53%,67.46MiB / 7.563GiB
1780074734000,0.88%,67.79MiB / 7.563GiB
1780074736000,0.53%,68.52MiB / 7.563GiB
1780074738000,0.89%,67.76MiB / 7.563GiB
1780074741000,0.62%,68.32MiB / 7.563GiB
1780074743000,0.53%,67.94MiB / 7.563GiB
1780074745000,0.73%,67.8MiB / 7.563GiB
1780074747000,0.77%,67.69MiB / 7.563GiB
1780074750000,0.30%,68.14MiB / 7.563GiB
1780074752000,0.26%,68.01MiB / 7.563GiB
1780074754000,0.60%,67.9MiB / 7.563GiB
1780074757000,0.39%,67.96MiB / 7.563GiB
1780074759000,7.71%,67.7MiB / 7.563GiB
1780074762000,0.53%,68.31MiB / 7.563GiB
1780074764000,0.98%,68.38MiB / 7.563GiB
1780074766000,0.90%,68.31MiB / 7.563GiB
1780074768000,0.36%,68.23MiB / 7.563GiB
1780074771000,0.30%,67.79MiB / 7.563GiB
1780074773000,0.81%,68.11MiB / 7.563GiB
1780074775000,0.23%,68.09MiB / 7.563GiB
1780074777000,0.69%,67.77MiB / 7.563GiB
1780074780000,0.53%,68.12MiB / 7.563GiB
1780074782000,0.89%,67.67MiB / 7.563GiB
1780074784000,0.47%,67.9MiB / 7.563GiB
1780074786000,0.63%,68.22MiB / 7.563GiB
1780074788000,5.52%,77.62MiB / 7.563GiB
1780074791000,0.54%,68.27MiB / 7.563GiB
1780074793000,0.77%,67.94MiB / 7.563GiB
1780074795000,0.28%,68.02MiB / 7.563GiB
1780074797000,0.55%,67.75MiB / 7.563GiB
1780074800000,0.40%,68.06MiB / 7.563GiB
1780074802000,0.49%,68.35MiB / 7.563GiB
1780074804000,0.31%,67.9MiB / 7.563GiB
1780074806000,0.37%,68.41MiB / 7.563GiB
1780074808000,0.37%,68.1MiB / 7.563GiB
1780074811000,0.63%,68.38MiB / 7.563GiB
1780074814000,0.50%,68.5MiB / 7.563GiB
1780074816000,0.53%,67.94MiB / 7.563GiB
1780074818000,0.24%,68.37MiB / 7.563GiB
1780074821000,0.93%,68.21MiB / 7.563GiB
1780074823000,0.42%,68.09MiB / 7.563GiB
1780074825000,0.21%,68.63MiB / 7.563GiB
1780074827000,10.05%,68.08MiB / 7.563GiB
1780074830000,0.87%,68.09MiB / 7.563GiB
1780074832000,0.76%,67.79MiB / 7.563GiB
1780074834000,0.49%,68.11MiB / 7.563GiB
1780074836000,0.92%,68.18MiB / 7.563GiB
1780074838000,0.61%,67.8MiB / 7.563GiB
1780074841000,0.36%,68.02MiB / 7.563GiB
1780074843000,0.48%,67.49MiB / 7.563GiB
1780074845000,0.41%,67.81MiB / 7.563GiB
1780074847000,0.64%,68.45MiB / 7.563GiB
1780074850000,7.48%,68.13MiB / 7.563GiB
1780074852000,0.97%,68.26MiB / 7.563GiB
1780074854000,0.62%,67.58MiB / 7.563GiB
1780074856000,0.94%,67.89MiB / 7.563GiB
1780074858000,1.20%,68.34MiB / 7.563GiB
1780074861000,0.49%,68.03MiB / 7.563GiB
1780074863000,0.35%,68.22MiB / 7.563GiB
1780074866000,0.72%,68.59MiB / 7.563GiB
1780074868000,0.93%,67.91MiB / 7.563GiB
1780074871000,0.44%,68.27MiB / 7.563GiB
1780074873000,0.40%,67.57MiB / 7.563GiB
1780074875000,0.41%,67.88MiB / 7.563GiB
1780074877000,1.06%,68.11MiB / 7.563GiB
1780074880000,7.74%,68.21MiB / 7.563GiB
1780074882000,0.43%,68.21MiB / 7.563GiB
1780074884000,1.06%,67.56MiB / 7.563GiB
1780074886000,0.49%,68.04MiB / 7.563GiB
1780074888000,0.24%,68.42MiB / 7.563GiB
1780074891000,0.92%,67.55MiB / 7.563GiB
1780074893000,0.66%,68.09MiB / 7.563GiB
1780074895000,0.43%,68.32MiB / 7.563GiB
1780074897000,0.70%,67.74MiB / 7.563GiB
1780074900000,0.42%,68.06MiB / 7.563GiB
1780074902000,1.32%,67.52MiB / 7.563GiB
1780074904000,0.56%,67.75MiB / 7.563GiB
1780074906000,0.35%,68.04MiB / 7.563GiB
1780074908000,0.28%,67.46MiB / 7.563GiB
1780074911000,0.57%,67.82MiB / 7.563GiB
1780074913000,0.22%,68.3MiB / 7.563GiB
1780074915000,0.21%,67.6MiB / 7.563GiB
1780074917000,0.68%,68.06MiB / 7.563GiB
1780074920000,0.35%,67.59MiB / 7.563GiB
1780074923000,0.52%,68.07MiB / 7.563GiB
1780074925000,0.28%,68.13MiB / 7.563GiB
1780074927000,0.38%,68.18MiB / 7.563GiB
1780074929000,0.45%,68.42MiB / 7.563GiB
1780074932000,0.73%,68.12MiB / 7.563GiB
1780074934000,0.59%,68.2MiB / 7.563GiB
1780074936000,0.43%,67.46MiB / 7.563GiB
1780074938000,0.50%,68.37MiB / 7.563GiB
1780074941000,8.57%,67.49MiB / 7.563GiB
1780074943000,0.94%,67.76MiB / 7.563GiB
1780074945000,0.27%,68.06MiB / 7.563GiB
1780074947000,0.49%,67.75MiB / 7.563GiB
1780074950000,1.10%,68.32MiB / 7.563GiB
1780074952000,1.10%,67.84MiB / 7.563GiB
1780074954000,0.48%,67.94MiB / 7.563GiB
1780074956000,0.72%,68.86MiB / 7.563GiB
1780074958000,0.41%,67.8MiB / 7.563GiB
1780074961000,0.19%,68.03MiB / 7.563GiB
1780074963000,0.32%,68.38MiB / 7.563GiB
1780074965000,0.32%,68.69MiB / 7.563GiB
1780074968000,0.75%,68.56MiB / 7.563GiB
1780074971000,7.67%,68.82MiB / 7.563GiB
1780074973000,0.76%,68.32MiB / 7.563GiB
1780074975000,0.33%,67.59MiB / 7.563GiB
1780074977000,0.68%,68.12MiB / 7.563GiB
1780074979000,0.64%,67.79MiB / 7.563GiB
1780074982000,0.44%,67.87MiB / 7.563GiB
1780074984000,2.85%,68.45MiB / 7.563GiB
1780074986000,1.00%,67.52MiB / 7.563GiB
1780074988000,0.53%,68.09MiB / 7.563GiB
1780074991000,0.22%,68.15MiB / 7.563GiB
1780074993000,0.58%,67.8MiB / 7.563GiB
1780074995000,0.44%,67.88MiB / 7.563GiB
1780074997000,0.79%,67.8MiB / 7.563GiB
1780075000000,0.47%,68.28MiB / 7.563GiB
1780075002000,0.30%,68.13MiB / 7.563GiB
1780075004000,0.63%,67.97MiB / 7.563GiB
1780075006000,0.45%,68.18MiB / 7.563GiB
1780075008000,0.26%,67.7MiB / 7.563GiB
1780075011000,0.41%,67.96MiB / 7.563GiB
1780075013000,0.46%,68.21MiB / 7.563GiB
1780075015000,0.24%,67.79MiB / 7.563GiB
1780075017000,0.46%,68.02MiB / 7.563GiB
1780075020000,0.64%,67.55MiB / 7.563GiB
1780075022000,0.68%,67.84MiB / 7.563GiB
1780075024000,0.50%,68.34MiB / 7.563GiB
1780075026000,0.70%,67.56MiB / 7.563GiB
1780075029000,0.25%,67.95MiB / 7.563GiB
1780075032000,0.72%,68.32MiB / 7.563GiB
1780075034000,0.46%,67.82MiB / 7.563GiB
1780075036000,0.33%,68.73MiB / 7.563GiB
1780075038000,0.32%,67.71MiB / 7.563GiB
1780075041000,0.30%,68.01MiB / 7.563GiB
1780075043000,0.88%,67.85MiB / 7.563GiB
1780075045000,0.24%,67.77MiB / 7.563GiB
1780075047000,0.51%,68.25MiB / 7.563GiB
1780075050000,0.54%,67.82MiB / 7.563GiB
1780075052000,0.75%,68.54MiB / 7.563GiB
1780075054000,0.51%,68.63MiB / 7.563GiB
1780075056000,0.47%,68.29MiB / 7.563GiB
1780075058000,0.31%,68.21MiB / 7.563GiB
1780075061000,9.76%,68.05MiB / 7.563GiB
1780075063000,0.20%,68.29MiB / 7.563GiB
1780075065000,0.30%,67.83MiB / 7.563GiB
1780075067000,0.67%,68.05MiB / 7.563GiB
1780075070000,0.79%,67.58MiB / 7.563GiB
1780075072000,0.47%,67.81MiB / 7.563GiB
1780075074000,0.50%,68.2MiB / 7.563GiB
1780075076000,0.78%,67.67MiB / 7.563GiB
1780075078000,0.40%,68.05MiB / 7.563GiB
1780075081000,0.56%,68.36MiB / 7.563GiB
1780075083000,0.24%,67.82MiB / 7.563GiB
1780075086000,0.48%,68.13MiB / 7.563GiB
1780075088000,0.81%,68.31MiB / 7.563GiB
1780075091000,0.82%,68.32MiB / 7.563GiB
1780075093000,0.55%,68.44MiB / 7.563GiB
1780075095000,0.33%,67.8MiB / 7.563GiB
1780075097000,0.55%,68.07MiB / 7.563GiB
1780075099000,0.86%,67.75MiB / 7.563GiB
1780075102000,0.44%,68.44MiB / 7.563GiB
1780075104000,0.47%,68.4MiB / 7.563GiB
1780075106000,0.63%,67.78MiB / 7.563GiB
1780075108000,0.43%,68.38MiB / 7.563GiB
1780075111000,0.37%,67.89MiB / 7.563GiB
1780075113000,0.31%,68.69MiB / 7.563GiB
1780075115000,0.65%,68.52MiB / 7.563GiB
1780075117000,0.63%,67.93MiB / 7.563GiB
1780075120000,0.91%,68.2MiB / 7.563GiB
1780075122000,0.61%,68.23MiB / 7.563GiB
1780075124000,0.55%,68MiB / 7.563GiB
1780075126000,0.39%,68.48MiB / 7.563GiB
1780075128000,0.24%,68.07MiB / 7.563GiB
1780075131000,0.24%,68.21MiB / 7.563GiB
1780075133000,0.78%,67.75MiB / 7.563GiB
1780075135000,0.23%,67.96MiB / 7.563GiB
1780075138000,0.44%,68.42MiB / 7.563GiB
1780075141000,0.70%,67.77MiB / 7.563GiB
1780075143000,1.14%,68.07MiB / 7.563GiB
1780075145000,0.73%,68.4MiB / 7.563GiB
1780075147000,0.56%,67.68MiB / 7.563GiB
1780075149000,0.21%,68.07MiB / 7.563GiB
1780075152000,13.60%,67.64MiB / 7.563GiB
1780075154000,0.49%,68.23MiB / 7.563GiB
1780075156000,0.35%,68.48MiB / 7.563GiB
1780075158000,0.50%,67.86MiB / 7.563GiB
1780075161000,0.43%,68.16MiB / 7.563GiB
1780075163000,0.93%,68.43MiB / 7.563GiB
1780075165000,0.33%,68.44MiB / 7.563GiB
1780075167000,1.39%,68.63MiB / 7.563GiB
1780075170000,0.68%,67.84MiB / 7.563GiB
1780075172000,0.61%,68.14MiB / 7.563GiB
1780075174000,0.50%,68.65MiB / 7.563GiB
1780075176000,0.71%,68.04MiB / 7.563GiB
1780075178000,0.38%,68.43MiB / 7.563GiB
1780075181000,10.85%,69.36MiB / 7.563GiB
1780075183000,0.27%,68.08MiB / 7.563GiB
1780075186000,0.32%,68.36MiB / 7.563GiB
1780075188000,0.41%,67.61MiB / 7.563GiB
1780075191000,0.64%,67.94MiB / 7.563GiB
1780075193000,0.48%,68.16MiB / 7.563GiB
1780075195000,0.47%,67.7MiB / 7.563GiB
1780075197000,0.83%,68MiB / 7.563GiB
1780075199000,0.41%,67.59MiB / 7.563GiB
1780075202000,0.45%,68.07MiB / 7.563GiB
1780075204000,0.54%,68.38MiB / 7.563GiB
1780075206000,0.56%,67.73MiB / 7.563GiB
1780075208000,0.33%,68.53MiB / 7.563GiB
1780075211000,0.56%,67.87MiB / 7.563GiB
1780075213000,0.30%,68.27MiB / 7.563GiB
1780075215000,0.35%,68.39MiB / 7.563GiB
1780075217000,0.34%,68.13MiB / 7.563GiB
1780075220000,0.53%,68.44MiB / 7.563GiB
1780075222000,0.53%,67.9MiB / 7.563GiB
1780075224000,0.43%,67.96MiB / 7.563GiB
1780075226000,0.62%,68.27MiB / 7.563GiB
1780075228000,0.42%,68.48MiB / 7.563GiB
1780075231000,0.23%,68.26MiB / 7.563GiB
1780075233000,0.32%,68.35MiB / 7.563GiB
1780075235000,0.46%,67.92MiB / 7.563GiB
1780075237000,0.71%,68.87MiB / 7.563GiB
1780075241000,0.48%,67.94MiB / 7.563GiB
1780075243000,8.49%,68.3MiB / 7.563GiB
1780075245000,0.81%,68.79MiB / 7.563GiB
1780075247000,0.61%,68.05MiB / 7.563GiB
1780075249000,0.26%,68.2MiB / 7.563GiB
1780075252000,0.21%,68.52MiB / 7.563GiB
1780075254000,0.67%,67.91MiB / 7.563GiB
1780075256000,0.36%,68.39MiB / 7.563GiB
1780075258000,0.55%,67.81MiB / 7.563GiB
1780075261000,0.61%,68.12MiB / 7.563GiB
1780075263000,0.46%,68.43MiB / 7.563GiB
1780075265000,0.62%,68.13MiB / 7.563GiB
1780075267000,0.50%,68.38MiB / 7.563GiB
1780075270000,0.35%,68.05MiB / 7.563GiB
1780075272000,8.17%,68.23MiB / 7.563GiB
1780075274000,0.65%,67.94MiB / 7.563GiB
1780075276000,0.64%,68.5MiB / 7.563GiB
1780075278000,0.33%,68.61MiB / 7.563GiB
1780075281000,0.30%,67.95MiB / 7.563GiB
1780075283000,0.49%,68.25MiB / 7.563GiB
1780075285000,0.30%,67.7MiB / 7.563GiB
1780075287000,0.46%,68.16MiB / 7.563GiB
1780075290000,0.33%,68.46MiB / 7.563GiB
1780075292000,0.62%,67.98MiB / 7.563GiB
1780075294000,0.51%,68.23MiB / 7.563GiB
1780075297000,0.48%,68.54MiB / 7.563GiB
1780075299000,0.23%,68.25MiB / 7.563GiB
1780075302000,0.40%,68.31MiB / 7.563GiB
1780075304000,0.25%,67.86MiB / 7.563GiB
1780075306000,0.20%,68.42MiB / 7.563GiB
1780075308000,0.46%,67.81MiB / 7.563GiB
1780075311000,1.07%,68.12MiB / 7.563GiB
1780075313000,0.49%,68.34MiB / 7.563GiB
1780075315000,0.40%,67.97MiB / 7.563GiB
1780075317000,0.93%,68.19MiB / 7.563GiB
1780075319000,0.63%,67.71MiB / 7.563GiB
1780075322000,0.22%,67.94MiB / 7.563GiB
1780075324000,0.41%,68.25MiB / 7.563GiB
1780075326000,0.29%,67.79MiB / 7.563GiB
1780075328000,0.55%,68.35MiB / 7.563GiB
1780075331000,0.56%,68.59MiB / 7.563GiB
1780075333000,5.91%,67.96MiB / 7.563GiB
1780075335000,0.32%,68.27MiB / 7.563GiB
1780075337000,0.36%,67.94MiB / 7.563GiB
1780075340000,0.49%,68.23MiB / 7.563GiB
1780075342000,0.52%,68.15MiB / 7.563GiB
1780075344000,0.40%,68.51MiB / 7.563GiB
1780075346000,0.88%,68.88MiB / 7.563GiB
1780075348000,0.41%,68.18MiB / 7.563GiB
1780075351000,0.28%,68.95MiB / 7.563GiB
1780075354000,0.32%,68.23MiB / 7.563GiB
1780075356000,0.43%,68.53MiB / 7.563GiB
1780075358000,0.65%,67.72MiB / 7.563GiB
1780075361000,0.36%,67.95MiB / 7.563GiB
1780075363000,8.50%,68.38MiB / 7.563GiB
1780075365000,0.75%,68.33MiB / 7.563GiB
1780075367000,0.42%,68.09MiB / 7.563GiB
1780075369000,0.22%,68.7MiB / 7.563GiB
1780075372000,0.22%,68.14MiB / 7.563GiB
1780075374000,0.46%,68.47MiB / 7.563GiB
1780075376000,0.30%,67.91MiB / 7.563GiB
1780075378000,0.41%,68.45MiB / 7.563GiB
1780075381000,0.54%,68MiB / 7.563GiB
1780075383000,0.68%,68.06MiB / 7.563GiB
1780075385000,0.75%,68.79MiB / 7.563GiB
1780075387000,0.73%,67.83MiB / 7.563GiB
1780075389000,0.23%,68.21MiB / 7.563GiB
1780075392000,0.61%,67.81MiB / 7.563GiB
1780075394000,0.55%,68.15MiB / 7.563GiB
1780075396000,0.48%,68.39MiB / 7.563GiB
1780075398000,0.30%,68MiB / 7.563GiB
1780075401000,0.46%,68.55MiB / 7.563GiB
1780075403000,1.22%,68.91MiB / 7.563GiB
1780075405000,0.29%,69.14MiB / 7.563GiB
1780075408000,0.63%,69.58MiB / 7.563GiB
1780075411000,0.87%,68.77MiB / 7.563GiB
1780075413000,0.74%,68.77MiB / 7.563GiB
1780075415000,0.50%,68.25MiB / 7.563GiB
1780075417000,0.56%,68.3MiB / 7.563GiB
1780075419000,0.33%,68.88MiB / 7.563GiB
1780075422000,0.61%,68.08MiB / 7.563GiB
1780075424000,0.32%,68.33MiB / 7.563GiB
1780075426000,0.23%,68.42MiB / 7.563GiB
1780075428000,0.41%,68.12MiB / 7.563GiB
1780075431000,0.62%,68.46MiB / 7.563GiB
1780075433000,0.56%,67.9MiB / 7.563GiB
1780075435000,0.43%,68.56MiB / 7.563GiB
1780075437000,0.94%,68.51MiB / 7.563GiB
1780075439000,0.54%,68.11MiB / 7.563GiB
1780075442000,0.23%,68.34MiB / 7.563GiB
1780075444000,0.19%,67.88MiB / 7.563GiB
1780075446000,0.31%,68.18MiB / 7.563GiB
1780075448000,0.63%,67.86MiB / 7.563GiB
1780075451000,0.60%,68.39MiB / 7.563GiB
1780075453000,10.85%,68.51MiB / 7.563GiB
1780075455000,0.47%,67.97MiB / 7.563GiB
1780075457000,0.43%,68.4MiB / 7.563GiB
1780075460000,0.67%,68.04MiB / 7.563GiB
1780075462000,0.47%,68.45MiB / 7.563GiB
1780075465000,0.64%,67.86MiB / 7.563GiB
1780075467000,0.96%,68.42MiB / 7.563GiB
1780075469000,0.52%,68.47MiB / 7.563GiB
1780075472000,0.22%,68.07MiB / 7.563GiB
1780075474000,0.32%,68.7MiB / 7.563GiB
1780075476000,0.51%,67.99MiB / 7.563GiB
1780075478000,0.64%,68.22MiB / 7.563GiB
1780075481000,0.98%,68.86MiB / 7.563GiB
1780075483000,0.62%,67.93MiB / 7.563GiB
1780075485000,0.77%,68.51MiB / 7.563GiB
1780075487000,0.58%,68.51MiB / 7.563GiB
1780075489000,0.24%,67.94MiB / 7.563GiB
1780075492000,0.22%,68.25MiB / 7.563GiB
1780075494000,0.37%,67.79MiB / 7.563GiB
1780075496000,0.41%,68.06MiB / 7.563GiB
1780075498000,0.57%,69.02MiB / 7.563GiB
1780075501000,0.45%,67.98MiB / 7.563GiB
1780075503000,0.76%,68.29MiB / 7.563GiB
1780075505000,0.47%,67.81MiB / 7.563GiB
1780075507000,0.83%,68.37MiB / 7.563GiB
1780075510000,0.33%,68.5MiB / 7.563GiB
1780075512000,0.37%,68.02MiB / 7.563GiB
1780075515000,0.63%,68.37MiB / 7.563GiB
1780075517000,0.81%,68.36MiB / 7.563GiB
1780075519000,0.23%,68.5MiB / 7.563GiB
1780075522000,0.33%,67.83MiB / 7.563GiB
1780075524000,0.45%,68.14MiB / 7.563GiB
1780075526000,0.29%,68.56MiB / 7.563GiB
1780075528000,0.48%,68.34MiB / 7.563GiB
1780075531000,0.45%,68.74MiB / 7.563GiB
1780075533000,0.71%,68.63MiB / 7.563GiB
1780075535000,0.43%,68.61MiB / 7.563GiB
1780075537000,0.42%,68.45MiB / 7.563GiB
1780075539000,0.24%,68.01MiB / 7.563GiB
1780075542000,0.71%,68.48MiB / 7.563GiB
1780075544000,7.91%,67.82MiB / 7.563GiB
1780075546000,0.29%,68.3MiB / 7.563GiB
1780075548000,0.50%,68.28MiB / 7.563GiB
1780075551000,0.89%,68.12MiB / 7.563GiB
1780075553000,0.55%,68.42MiB / 7.563GiB
1780075555000,0.50%,68.39MiB / 7.563GiB
1780075557000,0.21%,68.26MiB / 7.563GiB
1780075560000,0.24%,68.79MiB / 7.563GiB
1780075562000,0.56%,68.32MiB / 7.563GiB
1780075564000,0.24%,68.32MiB / 7.563GiB
1780075566000,0.51%,67.87MiB / 7.563GiB
1780075568000,0.41%,68.55MiB / 7.563GiB
1780075571000,0.64%,67.84MiB / 7.563GiB
1780075574000,0.31%,68.07MiB / 7.563GiB
1780075576000,0.32%,68.44MiB / 7.563GiB
1780075578000,0.38%,68.3MiB / 7.563GiB
1780075581000,0.80%,68.41MiB / 7.563GiB
1780075583000,0.90%,68.41MiB / 7.563GiB
1780075585000,0.46%,68.41MiB / 7.563GiB
1780075587000,1.02%,68.77MiB / 7.563GiB
1780075589000,0.63%,68.44MiB / 7.563GiB
1780075592000,0.16%,68.36MiB / 7.563GiB
1780075594000,0.32%,68.62MiB / 7.563GiB
1780075596000,0.80%,68.73MiB / 7.563GiB
1780075598000,0.72%,67.96MiB / 7.563GiB
1780075601000,0.44%,68.19MiB / 7.563GiB
1780075603000,0.44%,68.5MiB / 7.563GiB
1780075605000,0.77%,69MiB / 7.563GiB
1780075607000,0.53%,68.5MiB / 7.563GiB
1780075609000,0.31%,67.89MiB / 7.563GiB
1780075612000,0.34%,68.36MiB / 7.563GiB
1780075614000,0.42%,68.46MiB / 7.563GiB
1780075616000,0.20%,68.69MiB / 7.563GiB
1780075618000,0.43%,68.21MiB / 7.563GiB
1780075621000,0.59%,68.51MiB / 7.563GiB
1780075623000,0.44%,68.48MiB / 7.563GiB
1780075625000,0.61%,68.31MiB / 7.563GiB
1780075628000,0.62%,68MiB / 7.563GiB
1780075631000,0.26%,68.22MiB / 7.563GiB
1780075633000,0.40%,68.77MiB / 7.563GiB
1780075635000,8.56%,68.39MiB / 7.563GiB
1780075637000,0.33%,68.33MiB / 7.563GiB
1780075639000,0.41%,67.98MiB / 7.563GiB
1780075642000,0.32%,68.29MiB / 7.563GiB
1780075644000,0.64%,68.76MiB / 7.563GiB
1780075646000,0.21%,68.28MiB / 7.563GiB
1780075648000,0.41%,68.98MiB / 7.563GiB
1780075651000,0.43%,68.08MiB / 7.563GiB
1780075653000,0.59%,68.6MiB / 7.563GiB
1780075655000,0.50%,68.61MiB / 7.563GiB
1780075657000,0.61%,68.4MiB / 7.563GiB
1780075659000,0.34%,68.95MiB / 7.563GiB
1780075662000,0.52%,68.74MiB / 7.563GiB
1780075664000,8.61%,68.43MiB / 7.563GiB
1780075666000,0.30%,68.31MiB / 7.563GiB
1780075668000,0.52%,68.37MiB / 7.563GiB
1780075671000,0.82%,69MiB / 7.563GiB
1780075673000,0.53%,67.98MiB / 7.563GiB
1780075675000,0.40%,68.28MiB / 7.563GiB
1780075677000,0.27%,67.9MiB / 7.563GiB
1780075680000,0.46%,68.2MiB / 7.563GiB
1780075682000,0.20%,68.42MiB / 7.563GiB
1780075685000,0.21%,68.45MiB / 7.563GiB
1780075687000,0.39%,68.29MiB / 7.563GiB
1780075689000,0.52%,68.75MiB / 7.563GiB
1780075692000,0.91%,68.18MiB / 7.563GiB
1780075694000,0.45%,68.43MiB / 7.563GiB
1780075696000,0.39%,69.04MiB / 7.563GiB
1780075698000,0.44%,68.27MiB / 7.563GiB
1780075701000,1.13%,68.84MiB / 7.563GiB
1780075703000,0.80%,68.11MiB / 7.563GiB
1780075705000,0.51%,68.58MiB / 7.563GiB
1780075707000,0.67%,68.89MiB / 7.563GiB
1780075709000,0.44%,68.68MiB / 7.563GiB
1780075712000,0.22%,68.46MiB / 7.563GiB
1780075714000,0.21%,68.25MiB / 7.563GiB
1780075716000,0.52%,68.71MiB / 7.563GiB
1780075718000,0.75%,68.5MiB / 7.563GiB
1780075721000,0.53%,68.5MiB / 7.563GiB
1780075723000,0.46%,68.55MiB / 7.563GiB
1780075725000,8.51%,68.4MiB / 7.563GiB
1780075727000,0.42%,68.54MiB / 7.563GiB
1780075730000,0.26%,68.64MiB / 7.563GiB
1780075732000,0.20%,68.29MiB / 7.563GiB
1780075735000,0.46%,69.07MiB / 7.563GiB
1780075737000,0.25%,68.03MiB / 7.563GiB
1780075739000,0.51%,68.7MiB / 7.563GiB
1780075742000,1.06%,68.8MiB / 7.563GiB
1780075744000,0.49%,68.15MiB / 7.563GiB
1780075746000,0.95%,68.62MiB / 7.563GiB
1780075748000,0.49%,68.02MiB / 7.563GiB
1780075751000,0.41%,68.58MiB / 7.563GiB
1780075753000,0.35%,68.83MiB / 7.563GiB
1780075755000,7.83%,68.23MiB / 7.563GiB
1780075757000,0.60%,68.64MiB / 7.563GiB
1780075759000,0.31%,68.85MiB / 7.563GiB
1780075762000,0.34%,68.2MiB / 7.563GiB
1780075764000,0.45%,69MiB / 7.563GiB
1780075766000,0.29%,68.44MiB / 7.563GiB
1780075768000,0.44%,68.45MiB / 7.563GiB
1780075771000,0.55%,68.24MiB / 7.563GiB
1780075773000,1.01%,68.28MiB / 7.563GiB
1780075775000,0.44%,68.65MiB / 7.563GiB
1780075777000,0.42%,69.12MiB / 7.563GiB
1780075779000,0.38%,68.53MiB / 7.563GiB
1780075782000,0.49%,68.83MiB / 7.563GiB
1780075784000,0.25%,68.3MiB / 7.563GiB
1780075786000,0.26%,68.41MiB / 7.563GiB
1780075789000,0.41%,68.62MiB / 7.563GiB
1780075792000,0.65%,68.42MiB / 7.563GiB
1780075794000,0.48%,68.73MiB / 7.563GiB
1780075796000,0.49%,68.76MiB / 7.563GiB
1780075798000,0.23%,68.56MiB / 7.563GiB
1780075801000,0.71%,68.09MiB / 7.563GiB
1780075803000,0.40%,68.37MiB / 7.563GiB
1780075805000,0.20%,68.62MiB / 7.563GiB
1780075807000,0.31%,68.14MiB / 7.563GiB
1780075809000,0.50%,68.84MiB / 7.563GiB
1780075812000,0.77%,68.11MiB / 7.563GiB
1780075814000,0.31%,68.36MiB / 7.563GiB
1780075816000,6.23%,67.98MiB / 7.563GiB
1780075818000,0.44%,68.39MiB / 7.563GiB
1780075821000,0.50%,68.71MiB / 7.563GiB
1780075823000,0.31%,68.15MiB / 7.563GiB
1780075825000,0.34%,68.46MiB / 7.563GiB
1780075827000,0.63%,68.29MiB / 7.563GiB
1780075829000,0.49%,68.41MiB / 7.563GiB
1780075832000,0.22%,68.86MiB / 7.563GiB
1780075834000,0.24%,68.42MiB / 7.563GiB
1780075836000,0.51%,68.7MiB / 7.563GiB
1780075838000,0.82%,68.19MiB / 7.563GiB
1780075841000,0.45%,68.42MiB / 7.563GiB
1780075843000,0.61%,68.15MiB / 7.563GiB
1780075845000,7.74%,68.63MiB / 7.563GiB
1780075847000,0.43%,68.94MiB / 7.563GiB
1780075851000,0.19%,68.16MiB / 7.563GiB
1780075853000,0.32%,68.88MiB / 7.563GiB
1780075855000,0.49%,68.95MiB / 7.563GiB
1780075857000,0.22%,69.03MiB / 7.563GiB
1780075859000,0.41%,69.49MiB / 7.563GiB
1780075862000,0.45%,68.73MiB / 7.563GiB
1780075864000,0.63%,68.73MiB / 7.563GiB
1780075866000,0.54%,68.2MiB / 7.563GiB
1780075868000,0.43%,68.58MiB / 7.563GiB
1780075871000,0.20%,68.64MiB / 7.563GiB
1780075873000,0.35%,68.18MiB / 7.563GiB
1780075875000,0.44%,68.89MiB / 7.563GiB
1780075877000,0.40%,68.3MiB / 7.563GiB
1780075879000,0.40%,68.45MiB / 7.563GiB
1780075882000,0.44%,67.98MiB / 7.563GiB
1780075884000,0.57%,68.54MiB / 7.563GiB
1780075886000,0.35%,68.51MiB / 7.563GiB
1780075888000,0.42%,68.41MiB / 7.563GiB
1780075891000,0.48%,68.49MiB / 7.563GiB
1780075893000,0.75%,68.36MiB / 7.563GiB
1780075895000,0.41%,68.53MiB / 7.563GiB
1780075897000,0.49%,68.59MiB / 7.563GiB
1780075899000,0.36%,68.43MiB / 7.563GiB
1780075902000,0.41%,68.48MiB / 7.563GiB
1780075904000,0.21%,68.71MiB / 7.563GiB
1780075907000,3.17%,68.81MiB / 7.563GiB
1780075909000,0.54%,68.04MiB / 7.563GiB
1780075912000,0.63%,68.54MiB / 7.563GiB
1780075914000,0.53%,68.74MiB / 7.563GiB
1780075916000,0.54%,68.28MiB / 7.563GiB
1780075918000,0.22%,68.44MiB / 7.563GiB
1780075921000,0.47%,67.98MiB / 7.563GiB
1780075923000,0.20%,68.2MiB / 7.563GiB
1780075925000,0.19%,68.5MiB / 7.563GiB
1780075927000,0.56%,68.05MiB / 7.563GiB
1780075929000,0.60%,68.64MiB / 7.563GiB
1780075932000,0.50%,68.15MiB / 7.563GiB
1780075934000,0.49%,68.27MiB / 7.563GiB
1780075936000,7.85%,68.71MiB / 7.563GiB
1780075938000,0.31%,68.24MiB / 7.563GiB
1780075941000,0.46%,68.96MiB / 7.563GiB
1780075943000,0.47%,68.24MiB / 7.563GiB
1780075945000,0.45%,69.04MiB / 7.563GiB
1780075947000,0.57%,68.81MiB / 7.563GiB
1780075949000,0.59%,68.51MiB / 7.563GiB
1780075952000,0.31%,68.51MiB / 7.563GiB
1780075954000,0.37%,68.03MiB / 7.563GiB
1780075956000,0.47%,68.34MiB / 7.563GiB
1780075958000,0.78%,68.45MiB / 7.563GiB
1780075961000,0.38%,68.23MiB / 7.563GiB
1780075963000,0.36%,68.86MiB / 7.563GiB
1780075965000,0.72%,68.32MiB / 7.563GiB
1780075968000,0.49%,68.43MiB / 7.563GiB
1780075970000,0.20%,68.25MiB / 7.563GiB
1780075973000,0.29%,68.82MiB / 7.563GiB
1780075975000,0.60%,69.11MiB / 7.563GiB
1780075977000,0.23%,68.39MiB / 7.563GiB
1780075979000,0.48%,69.07MiB / 7.563GiB
1780075982000,0.43%,68.15MiB / 7.563GiB
1780075984000,0.68%,68.45MiB / 7.563GiB
1780075986000,0.43%,69.14MiB / 7.563GiB
1780075988000,0.26%,68.52MiB / 7.563GiB
1780075991000,0.23%,68.8MiB / 7.563GiB
1780075993000,0.44%,68.14MiB / 7.563GiB
1780075995000,0.35%,68.52MiB / 7.563GiB
1780075997000,0.60%,68.71MiB / 7.563GiB
1780075999000,0.47%,68.41MiB / 7.563GiB
1780076002000,0.52%,68.71MiB / 7.563GiB
1780076004000,0.56%,68.22MiB / 7.563GiB
1780076006000,0.44%,68.47MiB / 7.563GiB
1780076008000,0.23%,68.34MiB / 7.563GiB
1780076011000,0.32%,68.89MiB / 7.563GiB
1780076013000,0.52%,68.76MiB / 7.563GiB
1780076015000,0.36%,68.38MiB / 7.563GiB
1780076017000,0.53%,69MiB / 7.563GiB
1780076019000,0.29%,68.15MiB / 7.563GiB
1780076022000,0.57%,69.16MiB / 7.563GiB
1780076024000,0.25%,68.68MiB / 7.563GiB
1780076027000,9.26%,68.31MiB / 7.563GiB
1780076029000,0.60%,69.01MiB / 7.563GiB
1780076032000,0.78%,68.37MiB / 7.563GiB
1780076034000,0.45%,68.62MiB / 7.563GiB
1780076036000,0.42%,68.16MiB / 7.563GiB
1780076038000,0.38%,68.42MiB / 7.563GiB
1780076041000,0.63%,68.36MiB / 7.563GiB
1780076043000,0.19%,68.39MiB / 7.563GiB
1780076045000,0.28%,68.75MiB / 7.563GiB
1780076047000,0.41%,68.04MiB / 7.563GiB
1780076049000,0.88%,68.53MiB / 7.563GiB
1780076052000,0.47%,69.01MiB / 7.563GiB
1780076054000,0.44%,68.5MiB / 7.563GiB
1780076056000,0.66%,68.7MiB / 7.563GiB
1780076058000,0.32%,68.23MiB / 7.563GiB
1780076061000,0.48%,68.7MiB / 7.563GiB
1780076063000,0.24%,68.76MiB / 7.563GiB
1780076065000,0.33%,68.79MiB / 7.563GiB
1780076067000,0.66%,69.3MiB / 7.563GiB
1780076069000,0.59%,68.75MiB / 7.563GiB
1780076072000,0.44%,68.51MiB / 7.563GiB
1780076074000,1.01%,68.77MiB / 7.563GiB
1780076076000,0.68%,68.17MiB / 7.563GiB
1780076079000,1.25%,68.82MiB / 7.563GiB
1780076082000,0.48%,68.77MiB / 7.563GiB
1780076084000,0.43%,68.52MiB / 7.563GiB
1780076086000,0.52%,68.79MiB / 7.563GiB
1780076088000,0.63%,68.34MiB / 7.563GiB
1780076091000,0.21%,69.24MiB / 7.563GiB
1780076093000,0.22%,68.3MiB / 7.563GiB
1780076095000,0.57%,68.9MiB / 7.563GiB
1780076097000,0.26%,69.12MiB / 7.563GiB
1780076099000,0.44%,68.58MiB / 7.563GiB
1780076102000,0.42%,68.86MiB / 7.563GiB
1780076104000,1.43%,68.22MiB / 7.563GiB
1780076106000,0.42%,68.43MiB / 7.563GiB
1780076108000,0.45%,68.03MiB / 7.563GiB
1780076111000,0.21%,68.33MiB / 7.563GiB
1780076113000,0.36%,68.64MiB / 7.563GiB
1780076115000,0.41%,68.14MiB / 7.563GiB
1780076117000,16.54%,68.59MiB / 7.563GiB
1780076119000,0.43%,68.91MiB / 7.563GiB
1780076122000,0.54%,68.32MiB / 7.563GiB
1780076124000,0.63%,68.63MiB / 7.563GiB
1780076126000,0.40%,68.09MiB / 7.563GiB
1780076128000,0.43%,68.63MiB / 7.563GiB
1780076131000,0.40%,68.14MiB / 7.563GiB
1780076134000,0.89%,68.46MiB / 7.563GiB
1780076136000,0.44%,68.61MiB / 7.563GiB
1780076138000,0.59%,68.55MiB / 7.563GiB
1780076140000,0.21%,68.52MiB / 7.563GiB
1780076143000,0.53%,68.58MiB / 7.563GiB
1780076145000,0.20%,68.55MiB / 7.563GiB
1780076147000,3.14%,73.38MiB / 7.563GiB
1780076149000,0.39%,68.54MiB / 7.563GiB
1780076152000,0.64%,68.92MiB / 7.563GiB
1780076155000,0.69%,68.13MiB / 7.563GiB
1780076157000,0.69%,68.44MiB / 7.563GiB
1780076159000,0.57%,68.31MiB / 7.563GiB
1780076162000,1.14%,68.39MiB / 7.563GiB
1780076164000,0.25%,68.61MiB / 7.563GiB
1780076166000,0.36%,68.91MiB / 7.563GiB
1780076168000,0.61%,68.41MiB / 7.563GiB
1780076171000,0.88%,68.71MiB / 7.563GiB
1780076173000,0.92%,68.68MiB / 7.563GiB
1780076175000,0.63%,68.48MiB / 7.563GiB
1780076177000,0.48%,68.79MiB / 7.563GiB
1780076179000,0.58%,68.68MiB / 7.563GiB
1780076182000,0.70%,69.21MiB / 7.563GiB
1780076184000,0.37%,68.52MiB / 7.563GiB
1780076186000,0.75%,68.58MiB / 7.563GiB
1780076188000,0.34%,68.21MiB / 7.563GiB
1780076191000,0.65%,68.76MiB / 7.563GiB
1780076193000,0.19%,68.74MiB / 7.563GiB
1780076195000,0.39%,68.27MiB / 7.563GiB
1780076197000,0.87%,69.03MiB / 7.563GiB
1780076200000,1.08%,68.35MiB / 7.563GiB
1780076203000,0.70%,68.54MiB / 7.563GiB
1780076205000,0.48%,68.33MiB / 7.563GiB
1780076207000,0.62%,68.38MiB / 7.563GiB
1780076209000,0.54%,68.95MiB / 7.563GiB
1780076212000,0.53%,68.46MiB / 7.563GiB
1780076214000,0.25%,68.77MiB / 7.563GiB
1780076216000,0.57%,68.76MiB / 7.563GiB
1780076218000,0.72%,68.83MiB / 7.563GiB
1780076221000,0.98%,68.7MiB / 7.563GiB
1780076223000,0.44%,68.36MiB / 7.563GiB
1780076225000,0.73%,68.9MiB / 7.563GiB
1780076227000,1.08%,68.65MiB / 7.563GiB
1780076229000,0.62%,68.62MiB / 7.563GiB
1780076232000,0.52%,68.24MiB / 7.563GiB
1780076234000,0.33%,68.63MiB / 7.563GiB
1780076236000,0.67%,68.69MiB / 7.563GiB
1780076238000,0.72%,68.61MiB / 7.563GiB
1780076241000,0.49%,68.83MiB / 7.563GiB
1780076243000,0.60%,68.13MiB / 7.563GiB
1780076245000,0.55%,68.44MiB / 7.563GiB
1780076247000,0.22%,68.66MiB / 7.563GiB
1780076249000,0.44%,68.55MiB / 7.563GiB
1780076252000,1.89%,68.7MiB / 7.563GiB
1780076254000,0.88%,68.67MiB / 7.563GiB
1780076257000,0.44%,68.61MiB / 7.563GiB
1780076259000,0.32%,69.02MiB / 7.563GiB
1780076262000,0.28%,68.36MiB / 7.563GiB
1780076264000,0.56%,68.91MiB / 7.563GiB
1780076266000,0.23%,68.32MiB / 7.563GiB
1780076268000,8.20%,69.09MiB / 7.563GiB
1780076271000,0.55%,68.45MiB / 7.563GiB
1780076273000,0.62%,68.94MiB / 7.563GiB
1780076275000,0.82%,69.01MiB / 7.563GiB
1780076277000,0.52%,68.28MiB / 7.563GiB
1780076279000,0.22%,68.82MiB / 7.563GiB
1780076282000,0.53%,68.5MiB / 7.563GiB
1780076284000,0.55%,68.55MiB / 7.563GiB
1780076286000,0.43%,69.38MiB / 7.563GiB
1780076288000,0.21%,68.65MiB / 7.563GiB
1780076291000,0.21%,68.71MiB / 7.563GiB
1780076293000,0.46%,68.25MiB / 7.563GiB
1780076295000,0.20%,68.48MiB / 7.563GiB
1780076298000,0.25%,69.03MiB / 7.563GiB
1780076300000,0.74%,69.79MiB / 7.563GiB
1780076303000,1.12%,69.68MiB / 7.563GiB
1780076305000,0.44%,69.37MiB / 7.563GiB
1780076307000,0.48%,69.12MiB / 7.563GiB
1780076309000,0.42%,68.21MiB / 7.563GiB
1780076312000,0.47%,68.69MiB / 7.563GiB
1780076314000,0.20%,68.94MiB / 7.563GiB
1780076316000,0.20%,68.73MiB / 7.563GiB
1780076318000,0.53%,68.77MiB / 7.563GiB
1780076321000,1.00%,68.55MiB / 7.563GiB
1780076323000,0.90%,68.82MiB / 7.563GiB
1780076325000,0.71%,68.82MiB / 7.563GiB
1780076327000,0.53%,68.36MiB / 7.563GiB
1780076329000,0.29%,68.79MiB / 7.563GiB
1780076332000,0.73%,68.49MiB / 7.563GiB
1780076334000,0.49%,68.8MiB / 7.563GiB
1780076336000,0.49%,68.24MiB / 7.563GiB
1780076338000,0.38%,68.57MiB / 7.563GiB
1780076341000,0.74%,69.34MiB / 7.563GiB
1780076343000,0.34%,68.32MiB / 7.563GiB
1780076345000,0.36%,68.62MiB / 7.563GiB
1780076347000,0.69%,68.36MiB / 7.563GiB
1780076349000,0.76%,69.07MiB / 7.563GiB
1780076352000,0.91%,69.07MiB / 7.563GiB
1780076355000,0.56%,68.84MiB / 7.563GiB
1780076357000,0.92%,68.87MiB / 7.563GiB
1780076359000,0.45%,68.34MiB / 7.563GiB
1780076362000,0.22%,68.61MiB / 7.563GiB
1780076364000,0.53%,68.99MiB / 7.563GiB
1780076366000,0.68%,68.36MiB / 7.563GiB
1780076368000,0.52%,68.59MiB / 7.563GiB
1780076370000,0.61%,68.5MiB / 7.563GiB
1780076373000,0.70%,68.69MiB / 7.563GiB
1780076375000,0.78%,69.6MiB / 7.563GiB
1780076377000,0.81%,68.59MiB / 7.563GiB
1780076379000,0.60%,69.18MiB / 7.563GiB
1780076382000,0.71%,68.44MiB / 7.563GiB
1780076384000,0.56%,68.82MiB / 7.563GiB
1780076386000,0.71%,69.05MiB / 7.563GiB
1780076388000,7.78%,68.84MiB / 7.563GiB
1780076391000,0.57%,68.84MiB / 7.563GiB
1780076393000,0.66%,68.55MiB / 7.563GiB
1780076395000,0.81%,68.83MiB / 7.563GiB
1780076397000,0.40%,68.92MiB / 7.563GiB
1780076399000,0.21%,68.91MiB / 7.563GiB
1780076402000,0.64%,68.96MiB / 7.563GiB
1780076404000,0.86%,68.38MiB / 7.563GiB
1780076407000,0.38%,68.7MiB / 7.563GiB
1780076409000,0.47%,68.22MiB / 7.563GiB
1780076412000,0.30%,68.52MiB / 7.563GiB
1780076414000,0.77%,68.82MiB / 7.563GiB
1780076416000,0.20%,68.29MiB / 7.563GiB
1780076418000,0.30%,68.59MiB / 7.563GiB
1780076420000,0.45%,68.29MiB / 7.563GiB
1780076423000,0.63%,68.65MiB / 7.563GiB
1780076425000,0.59%,69.09MiB / 7.563GiB
1780076427000,0.82%,68.39MiB / 7.563GiB
1780076429000,0.21%,68.96MiB / 7.563GiB
1780076432000,0.52%,68.51MiB / 7.563GiB
1780076434000,0.34%,68.54MiB / 7.563GiB
1780076436000,0.21%,69.29MiB / 7.563GiB
1780076438000,1.10%,68.98MiB / 7.563GiB
1780076441000,0.63%,68.87MiB / 7.563GiB
1780076443000,0.44%,68.67MiB / 7.563GiB
1780076445000,0.42%,68.64MiB / 7.563GiB
1780076447000,0.59%,68.95MiB / 7.563GiB
1780076449000,0.78%,69.07MiB / 7.563GiB
1780076452000,0.37%,69.1MiB / 7.563GiB
1780076454000,0.24%,68.3MiB / 7.563GiB
1780076456000,0.32%,68.8MiB / 7.563GiB
1780076458000,0.68%,68.77MiB / 7.563GiB
1780076461000,0.66%,68.71MiB / 7.563GiB
1780076463000,0.60%,69.1MiB / 7.563GiB
1780076466000,0.31%,68.62MiB / 7.563GiB
1780076468000,0.58%,68.68MiB / 7.563GiB
1780076470000,0.67%,68.85MiB / 7.563GiB
1780076473000,0.98%,68.58MiB / 7.563GiB
1780076475000,0.93%,69.32MiB / 7.563GiB
1780076477000,0.64%,68.5MiB / 7.563GiB
1780076479000,7.00%,68.9MiB / 7.563GiB
1780076482000,0.19%,68.32MiB / 7.563GiB
1780076484000,0.58%,68.63MiB / 7.563GiB
1780076486000,0.51%,68.93MiB / 7.563GiB
1780076488000,0.67%,68.86MiB / 7.563GiB
1780076491000,0.98%,69.08MiB / 7.563GiB
1780076493000,0.88%,68.43MiB / 7.563GiB
1780076495000,1.18%,68.93MiB / 7.563GiB
1780076497000,0.64%,68.61MiB / 7.563GiB
1780076499000,0.30%,68.74MiB / 7.563GiB
1780076502000,0.23%,69.29MiB / 7.563GiB
1780076504000,0.48%,68.67MiB / 7.563GiB
1780076506000,0.22%,68.89MiB / 7.563GiB
1780076508000,0.91%,68.38MiB / 7.563GiB
1780076511000,0.44%,68.97MiB / 7.563GiB
1780076513000,0.69%,68.25MiB / 7.563GiB
1780076515000,0.67%,68.74MiB / 7.563GiB
1780076517000,0.46%,68.81MiB / 7.563GiB
1780076519000,0.60%,68.43MiB / 7.563GiB
1780076522000,0.30%,68.73MiB / 7.563GiB
1780076524000,0.76%,68.41MiB / 7.563GiB
1780076527000,0.30%,68.75MiB / 7.563GiB
1780076529000,0.44%,68.63MiB / 7.563GiB
1780076532000,0.33%,68.75MiB / 7.563GiB
1780076534000,0.67%,68.81MiB / 7.563GiB
1780076536000,0.41%,68.27MiB / 7.563GiB
1780076538000,0.29%,68.58MiB / 7.563GiB
1780076540000,1.10%,69MiB / 7.563GiB
1780076543000,0.56%,68.59MiB / 7.563GiB
1780076545000,0.38%,69.18MiB / 7.563GiB
1780076547000,0.42%,68.46MiB / 7.563GiB
1780076549000,0.24%,68.76MiB / 7.563GiB
1780076552000,0.48%,68.3MiB / 7.563GiB
1780076554000,0.21%,68.53MiB / 7.563GiB
1780076556000,0.21%,68.83MiB / 7.563GiB
1780076558000,0.48%,68.7MiB / 7.563GiB
1780076561000,0.72%,69.34MiB / 7.563GiB
1780076563000,0.43%,68.56MiB / 7.563GiB
1780076565000,0.43%,68.86MiB / 7.563GiB
1780076567000,1.09%,68.36MiB / 7.563GiB
1780076569000,6.83%,68.83MiB / 7.563GiB
1780076572000,0.23%,68.86MiB / 7.563GiB
1780076574000,0.25%,68.38MiB / 7.563GiB
1780076576000,0.26%,68.68MiB / 7.563GiB
1780076578000,0.74%,68.65MiB / 7.563GiB
1780076581000,0.56%,68.85MiB / 7.563GiB
1780076584000,0.43%,68.93MiB / 7.563GiB
1780076586000,0.49%,68.47MiB / 7.563GiB
1780076588000,0.66%,68.99MiB / 7.563GiB
1780076590000,0.44%,68.62MiB / 7.563GiB
1780076593000,0.22%,68.62MiB / 7.563GiB
1780076595000,0.32%,68.99MiB / 7.563GiB
1780076597000,0.56%,68.51MiB / 7.563GiB
1780076599000,5.67%,78.29MiB / 7.563GiB
1780076602000,0.35%,68.66MiB / 7.563GiB
1780076604000,0.29%,68.7MiB / 7.563GiB
1780076606000,0.59%,68.7MiB / 7.563GiB
1780076608000,0.34%,68.72MiB / 7.563GiB
1780076610000,0.43%,69.4MiB / 7.563GiB
1780076613000,0.45%,68.73MiB / 7.563GiB
1780076615000,0.72%,68.78MiB / 7.563GiB
1780076617000,0.78%,68.25MiB / 7.563GiB
1780076619000,0.31%,68.88MiB / 7.563GiB
1780076622000,0.25%,69MiB / 7.563GiB
1780076624000,0.66%,68.42MiB / 7.563GiB
1780076626000,0.24%,68.65MiB / 7.563GiB
1780076628000,0.53%,68.96MiB / 7.563GiB
1780076631000,0.45%,68.95MiB / 7.563GiB
1780076633000,0.94%,69.43MiB / 7.563GiB
1780076635000,0.44%,68.88MiB / 7.563GiB
1780076638000,0.52%,69.21MiB / 7.563GiB
1780076640000,0.20%,68.41MiB / 7.563GiB
1780076643000,0.36%,68.93MiB / 7.563GiB
1780076645000,0.63%,69.4MiB / 7.563GiB
1780076647000,0.22%,68.48MiB / 7.563GiB
1780076649000,0.43%,68.93MiB / 7.563GiB
1780076652000,0.51%,68.48MiB / 7.563GiB
1780076654000,0.69%,69.25MiB / 7.563GiB
1780076656000,0.46%,69MiB / 7.563GiB
1780076658000,0.54%,68.8MiB / 7.563GiB
1780076660000,7.82%,69.26MiB / 7.563GiB
1780076663000,0.54%,68.79MiB / 7.563GiB
1780076665000,0.45%,68.81MiB / 7.563GiB
1780076667000,0.50%,68.35MiB / 7.563GiB
1780076669000,0.50%,69MiB / 7.563GiB
1780076672000,0.56%,68.3MiB / 7.563GiB
1780076674000,0.46%,68.77MiB / 7.563GiB
1780076676000,0.27%,68.83MiB / 7.563GiB
1780076678000,0.72%,68.51MiB / 7.563GiB
1780076681000,0.89%,68.81MiB / 7.563GiB
1780076683000,0.93%,69.14MiB / 7.563GiB
1780076685000,0.74%,68.58MiB / 7.563GiB
1780076687000,0.78%,68.88MiB / 7.563GiB
1780076689000,7.48%,68.87MiB / 7.563GiB
1780076692000,0.42%,69MiB / 7.563GiB
1780076695000,0.28%,68.5MiB / 7.563GiB
1780076697000,0.48%,68.84MiB / 7.563GiB
1780076699000,1.10%,68.35MiB / 7.563GiB
1780076702000,0.78%,68.9MiB / 7.563GiB
1780076704000,0.68%,69.59MiB / 7.563GiB
1780076706000,0.68%,68.4MiB / 7.563GiB
1780076708000,0.53%,68.68MiB / 7.563GiB
1780076710000,0.43%,69.06MiB / 7.563GiB
1780076713000,0.24%,68.52MiB / 7.563GiB
1780076715000,0.23%,68.83MiB / 7.563GiB
1780076717000,0.59%,68.82MiB / 7.563GiB
1780076719000,0.51%,69.06MiB / 7.563GiB
1780076722000,0.34%,68.33MiB / 7.563GiB
1780076724000,0.33%,68.61MiB / 7.563GiB
1780076726000,0.88%,69.16MiB / 7.563GiB
1780076728000,0.47%,68.49MiB / 7.563GiB
1780076730000,0.51%,68.8MiB / 7.563GiB
1780076733000,0.60%,69.16MiB / 7.563GiB
1780076735000,0.77%,69.87MiB / 7.563GiB
1780076737000,0.52%,69.68MiB / 7.563GiB
1780076739000,0.27%,69.59MiB / 7.563GiB
1780076742000,0.26%,69.34MiB / 7.563GiB
1780076744000,0.53%,68.3MiB / 7.563GiB
1780076747000,0.36%,68.53MiB / 7.563GiB
1780076749000,0.61%,69.23MiB / 7.563GiB
1780076752000,0.88%,68.8MiB / 7.563GiB
1780076754000,0.70%,68.91MiB / 7.563GiB
1780076756000,0.61%,68.36MiB / 7.563GiB
1780076758000,0.58%,68.86MiB / 7.563GiB
1780076760000,0.39%,68.65MiB / 7.563GiB
1780076763000,0.63%,69.08MiB / 7.563GiB
1780076765000,0.83%,69.36MiB / 7.563GiB
1780076767000,0.67%,68.63MiB / 7.563GiB
1780076769000,0.72%,69.08MiB / 7.563GiB
1780076772000,0.63%,68.38MiB / 7.563GiB
1780076774000,0.80%,68.91MiB / 7.563GiB
1780076776000,1.09%,68.95MiB / 7.563GiB
1780076778000,0.36%,68.43MiB / 7.563GiB
1780076780000,7.60%,69.18MiB / 7.563GiB
1780076783000,0.61%,68.41MiB / 7.563GiB
1780076785000,0.59%,68.66MiB / 7.563GiB
1780076787000,0.45%,69.49MiB / 7.563GiB
1780076789000,0.45%,68.82MiB / 7.563GiB
1780076792000,0.26%,69.05MiB / 7.563GiB
1780076794000,0.30%,69.08MiB / 7.563GiB
1780076796000,0.23%,68.66MiB / 7.563GiB
1780076798000,0.45%,69.12MiB / 7.563GiB
1780076801000,0.90%,68.88MiB / 7.563GiB
1780076804000,0.62%,68.86MiB / 7.563GiB
1780076806000,1.13%,68.38MiB / 7.563GiB
1780076808000,0.66%,68.69MiB / 7.563GiB
1780076810000,0.54%,69.06MiB / 7.563GiB
1780076813000,0.26%,68.55MiB / 7.563GiB
1780076815000,0.30%,69.36MiB / 7.563GiB
1780076817000,1.04%,68.91MiB / 7.563GiB
1780076819000,0.98%,69.12MiB / 7.563GiB
1780076822000,1.03%,68.56MiB / 7.563GiB
1780076824000,0.48%,68.68MiB / 7.563GiB
1780076826000,0.51%,69.48MiB / 7.563GiB
1780076828000,0.70%,68.51MiB / 7.563GiB
1780076830000,0.61%,69.02MiB / 7.563GiB
1780076833000,0.69%,68.62MiB / 7.563GiB
1780076835000,0.41%,68.93MiB / 7.563GiB
1780076837000,0.38%,68.96MiB / 7.563GiB
1780076839000,1.15%,68.63MiB / 7.563GiB
1780076842000,0.34%,69.18MiB / 7.563GiB
1780076844000,0.62%,68.84MiB / 7.563GiB
1780076846000,0.98%,68.81MiB / 7.563GiB
1780076848000,1.18%,68.68MiB / 7.563GiB
1780076851000,0.95%,68.68MiB / 7.563GiB
1780076853000,0.80%,69.22MiB / 7.563GiB
1780076855000,1.25%,69MiB / 7.563GiB
1780076857000,0.62%,68.74MiB / 7.563GiB
1780076860000,0.91%,68.59MiB / 7.563GiB
1780076863000,0.41%,69.09MiB / 7.563GiB
1780076865000,1.05%,69.09MiB / 7.563GiB
1780076867000,0.27%,68.54MiB / 7.563GiB
1780076869000,0.45%,69MiB / 7.563GiB
1780076872000,7.45%,68.49MiB / 7.563GiB
1780076874000,1.34%,68.75MiB / 7.563GiB
1780076876000,1.74%,68.97MiB / 7.563GiB
1780076878000,0.99%,69MiB / 7.563GiB
1780076880000,0.25%,68.91MiB / 7.563GiB
1780076883000,0.57%,69.24MiB / 7.563GiB
1780076885000,0.21%,69.14MiB / 7.563GiB
1780076887000,0.43%,69.19MiB / 7.563GiB
1780076889000,0.55%,68.88MiB / 7.563GiB
1780076892000,1.28%,69.21MiB / 7.563GiB
1780076894000,1.04%,68.64MiB / 7.563GiB
1780076896000,1.09%,68.75MiB / 7.563GiB
1780076898000,1.29%,69.3MiB / 7.563GiB
1780076900000,0.66%,69.14MiB / 7.563GiB
1780076903000,0.35%,69.11MiB / 7.563GiB
1780076905000,0.63%,68.67MiB / 7.563GiB
1780076907000,1.00%,68.86MiB / 7.563GiB
1780076909000,0.60%,68.49MiB / 7.563GiB
1780076912000,1.12%,69.02MiB / 7.563GiB
1780076914000,0.65%,69.02MiB / 7.563GiB
1780076916000,0.66%,68.56MiB / 7.563GiB
1780076919000,0.63%,69.24MiB / 7.563GiB
1780076922000,1.17%,68.52MiB / 7.563GiB
1780076924000,0.88%,68.9MiB / 7.563GiB
1780076926000,0.93%,69.65MiB / 7.563GiB
1780076928000,1.10%,68.72MiB / 7.563GiB
1780076930000,0.48%,69.09MiB / 7.563GiB
1780076933000,0.50%,68.68MiB / 7.563GiB
1780076935000,0.47%,68.76MiB / 7.563GiB
1780076937000,0.93%,69.07MiB / 7.563GiB
1780076939000,0.73%,69MiB / 7.563GiB
1780076942000,0.73%,68.98MiB / 7.563GiB
1780076944000,0.42%,68.66MiB / 7.563GiB
1780076946000,0.83%,69.08MiB / 7.563GiB
1780076948000,0.69%,69.55MiB / 7.563GiB
1780076950000,0.52%,68.92MiB / 7.563GiB
1780076953000,0.53%,69.23MiB / 7.563GiB
1780076955000,0.51%,68.77MiB / 7.563GiB
1780076957000,0.39%,68.85MiB / 7.563GiB
1780076959000,0.70%,68.54MiB / 7.563GiB
1780076962000,7.52%,69.13MiB / 7.563GiB
1780076964000,0.66%,69MiB / 7.563GiB
1780076966000,0.64%,69.03MiB / 7.563GiB
1780076968000,0.49%,69.46MiB / 7.563GiB
1780076971000,0.73%,69.02MiB / 7.563GiB
1780076973000,0.45%,69.14MiB / 7.563GiB
1780076976000,0.62%,68.64MiB / 7.563GiB
1780076978000,0.35%,68.85MiB / 7.563GiB
1780076980000,0.56%,69.05MiB / 7.563GiB
1780076983000,0.53%,68.58MiB / 7.563GiB
1780076985000,0.50%,69.11MiB / 7.563GiB
1780076987000,0.25%,69.11MiB / 7.563GiB
1780076989000,0.65%,69.3MiB / 7.563GiB
1780076992000,0.73%,69.28MiB / 7.563GiB
1780076994000,1.15%,68.73MiB / 7.563GiB
1780076996000,0.78%,68.93MiB / 7.563GiB
1780076998000,0.56%,68.55MiB / 7.563GiB
1780077000000,0.41%,69.06MiB / 7.563GiB
1780077003000,0.48%,68.39MiB / 7.563GiB
1780077005000,0.22%,68.61MiB / 7.563GiB
1780077007000,0.24%,68.92MiB / 7.563GiB
1780077009000,0.58%,68.59MiB / 7.563GiB
1780077012000,0.66%,68.9MiB / 7.563GiB
1780077014000,1.14%,68.73MiB / 7.563GiB
1780077016000,0.65%,69.14MiB / 7.563GiB
1780077018000,0.34%,69.09MiB / 7.563GiB
1780077021000,0.49%,69.04MiB / 7.563GiB
1780077023000,0.82%,69.07MiB / 7.563GiB
1780077025000,0.63%,68.46MiB / 7.563GiB
1780077027000,0.34%,68.78MiB / 7.563GiB
1780077030000,1.56%,68.72MiB / 7.563GiB
1780077033000,0.95%,69.15MiB / 7.563GiB
1780077035000,0.81%,69.3MiB / 7.563GiB
1780077037000,0.74%,68.48MiB / 7.563GiB
1780077039000,0.52%,68.91MiB / 7.563GiB
1780077042000,0.86%,68.47MiB / 7.563GiB
1780077044000,0.34%,68.68MiB / 7.563GiB
1780077046000,0.62%,69.73MiB / 7.563GiB
1780077048000,0.80%,68.53MiB / 7.563GiB
1780077050000,0.68%,68.9MiB / 7.563GiB
1780077053000,7.70%,69.21MiB / 7.563GiB
1780077055000,0.31%,68.71MiB / 7.563GiB
1780077057000,0.41%,69.02MiB / 7.563GiB
1780077059000,1.01%,68.62MiB / 7.563GiB
1780077062000,0.46%,68.85MiB / 7.563GiB
1780077064000,0.62%,69.16MiB / 7.563GiB
1780077066000,0.92%,68.66MiB / 7.563GiB
1780077068000,0.89%,68.89MiB / 7.563GiB
1780077070000,0.56%,68.43MiB / 7.563GiB
1780077073000,0.30%,68.73MiB / 7.563GiB
1780077075000,0.82%,69.04MiB / 7.563GiB
1780077077000,0.26%,68.47MiB / 7.563GiB
1780077079000,0.71%,68.93MiB / 7.563GiB
1780077082000,0.84%,68.84MiB / 7.563GiB
1780077084000,0.45%,68.77MiB / 7.563GiB
1780077086000,0.60%,69.11MiB / 7.563GiB
1780077088000,0.36%,68.73MiB / 7.563GiB
1780077091000,0.28%,69.16MiB / 7.563GiB
1780077094000,0.61%,68.68MiB / 7.563GiB
1780077096000,0.91%,69.48MiB / 7.563GiB
1780077098000,0.30%,69.28MiB / 7.563GiB
1780077100000,0.87%,68.75MiB / 7.563GiB
1780077103000,0.78%,69.06MiB / 7.563GiB
1780077105000,0.74%,68.55MiB / 7.563GiB
1780077107000,0.72%,68.8MiB / 7.563GiB
1780077109000,0.46%,68.47MiB / 7.563GiB
1780077112000,0.74%,68.93MiB / 7.563GiB
1780077114000,0.70%,69.15MiB / 7.563GiB
1780077116000,0.61%,68.84MiB / 7.563GiB
1780077118000,0.80%,69.23MiB / 7.563GiB
1780077120000,0.42%,68.52MiB / 7.563GiB
1780077123000,0.60%,68.8MiB / 7.563GiB
1780077125000,0.44%,69.03MiB / 7.563GiB
1780077127000,0.64%,68.57MiB / 7.563GiB
1780077129000,0.42%,69.04MiB / 7.563GiB
1780077132000,1.56%,68.56MiB / 7.563GiB
1780077134000,1.13%,68.79MiB / 7.563GiB
1780077136000,1.47%,69.09MiB / 7.563GiB
1780077138000,0.36%,68.68MiB / 7.563GiB
1780077141000,0.67%,68.98MiB / 7.563GiB
1780077143000,7.71%,68.54MiB / 7.563GiB
1780077146000,0.69%,68.83MiB / 7.563GiB
1780077148000,0.56%,69.34MiB / 7.563GiB
1780077150000,0.81%,68.82MiB / 7.563GiB
1780077153000,0.72%,69.1MiB / 7.563GiB
1780077155000,0.57%,68.76MiB / 7.563GiB
1780077157000,0.90%,69.11MiB / 7.563GiB
1780077159000,0.34%,68.75MiB / 7.563GiB
1780077162000,0.43%,68.79MiB / 7.563GiB
1780077164000,0.71%,69.5MiB / 7.563GiB
1780077166000,0.42%,68.61MiB / 7.563GiB
1780077168000,1.01%,69.05MiB / 7.563GiB
1780077170000,0.88%,68.98MiB / 7.563GiB
1780077173000,7.15%,68.86MiB / 7.563GiB
1780077175000,0.31%,69.11MiB / 7.563GiB
1780077177000,0.37%,68.86MiB / 7.563GiB
1780077179000,1.05%,69.09MiB / 7.563GiB
1780077182000,0.51%,69.63MiB / 7.563GiB
1780077184000,0.71%,69.93MiB / 7.563GiB
1780077186000,1.09%,70.46MiB / 7.563GiB
1780077188000,0.51%,69.21MiB / 7.563GiB
1780077190000,0.28%,69.21MiB / 7.563GiB
1780077193000,0.24%,68.7MiB / 7.563GiB
1780077195000,0.51%,69.02MiB / 7.563GiB
1780077197000,0.19%,69.06MiB / 7.563GiB
1780077200000,0.42%,68.73MiB / 7.563GiB
1780077203000,0.50%,69.03MiB / 7.563GiB
1780077205000,1.19%,69.43MiB / 7.563GiB
1780077207000,0.61%,68.95MiB / 7.563GiB
1780077209000,0.44%,69.13MiB / 7.563GiB
1780077212000,0.48%,68.67MiB / 7.563GiB
1780077214000,0.31%,69.12MiB / 7.563GiB
1780077216000,1.21%,68.97MiB / 7.563GiB
1780077218000,0.78%,68.73MiB / 7.563GiB
1780077220000,1.02%,69.38MiB / 7.563GiB
1780077223000,0.90%,69.16MiB / 7.563GiB
1780077225000,0.48%,69.15MiB / 7.563GiB
1780077227000,0.95%,69.21MiB / 7.563GiB
1780077229000,1.09%,69.18MiB / 7.563GiB
1780077232000,0.76%,69.23MiB / 7.563GiB
1780077234000,8.39%,69.42MiB / 7.563GiB
1780077236000,0.79%,69.2MiB / 7.563GiB
1780077238000,0.61%,69.29MiB / 7.563GiB
1780077240000,0.68%,69.2MiB / 7.563GiB
1780077243000,1.15%,68.91MiB / 7.563GiB
1780077245000,0.46%,68.71MiB / 7.563GiB
1780077247000,0.50%,69.01MiB / 7.563GiB
1780077249000,0.85%,68.7MiB / 7.563GiB
1780077252000,1.37%,69.25MiB / 7.563GiB
1780077254000,0.79%,69.32MiB / 7.563GiB
1780077257000,0.93%,69MiB / 7.563GiB
1780077259000,0.31%,69.12MiB / 7.563GiB
1780077262000,0.61%,68.66MiB / 7.563GiB
1780077264000,7.01%,69.08MiB / 7.563GiB
1780077266000,0.46%,69.23MiB / 7.563GiB
1780077268000,0.27%,68.79MiB / 7.563GiB
1780077270000,0.85%,69.23MiB / 7.563GiB
1780077273000,0.78%,68.73MiB / 7.563GiB
1780077275000,0.83%,69.03MiB / 7.563GiB
1780077277000,1.04%,68.82MiB / 7.563GiB
1780077279000,0.69%,68.94MiB / 7.563GiB
1780077282000,0.37%,69.68MiB / 7.563GiB
1780077284000,0.21%,68.95MiB / 7.563GiB
1780077286000,0.95%,70MiB / 7.563GiB
1780077288000,0.66%,69.02MiB / 7.563GiB
1780077290000,0.44%,69.01MiB / 7.563GiB
1780077293000,0.52%,68.88MiB / 7.563GiB
1780077295000,0.61%,69MiB / 7.563GiB
1780077297000,1.13%,69.23MiB / 7.563GiB
1780077299000,1.56%,68.98MiB / 7.563GiB
1780077302000,1.10%,69.71MiB / 7.563GiB
1780077304000,1.03%,68.75MiB / 7.563GiB
1780077306000,1.42%,69.1MiB / 7.563GiB
1780077308000,0.44%,69.38MiB / 7.563GiB
1780077310000,0.78%,69.21MiB / 7.563GiB
1780077313000,0.54%,69.31MiB / 7.563GiB
1780077316000,1.37%,68.83MiB / 7.563GiB
1780077318000,0.64%,68.83MiB / 7.563GiB
1780077320000,0.44%,68.51MiB / 7.563GiB
1780077323000,0.67%,68.81MiB / 7.563GiB
1780077325000,0.94%,69.17MiB / 7.563GiB
1780077327000,1.31%,68.64MiB / 7.563GiB
1780077329000,0.90%,69.27MiB / 7.563GiB
1780077332000,0.74%,68.56MiB / 7.563GiB
1780077334000,0.52%,68.86MiB / 7.563GiB
1780077336000,0.35%,69.64MiB / 7.563GiB
1780077338000,0.24%,68.88MiB / 7.563GiB
1780077340000,1.05%,69.4MiB / 7.563GiB
1780077343000,1.30%,68.83MiB / 7.563GiB
1780077345000,0.96%,69.29MiB / 7.563GiB
1780077347000,0.88%,69.89MiB / 7.563GiB
1780077349000,0.84%,68.84MiB / 7.563GiB
1780077352000,0.55%,69.3MiB / 7.563GiB
1780077354000,7.54%,69.61MiB / 7.563GiB
1780077356000,0.39%,68.95MiB / 7.563GiB
1780077358000,0.37%,69.22MiB / 7.563GiB
1780077360000,0.53%,69.3MiB / 7.563GiB
1780077363000,0.53%,69.34MiB / 7.563GiB
1780077365000,0.45%,68.84MiB / 7.563GiB
1780077368000,0.24%,68.98MiB / 7.563GiB
1780077370000,0.89%,68.95MiB / 7.563GiB
1780077373000,0.84%,69.23MiB / 7.563GiB
1780077375000,0.71%,69.46MiB / 7.563GiB
1780077377000,0.71%,68.76MiB / 7.563GiB
1780077379000,0.40%,69.39MiB / 7.563GiB
1780077382000,0.48%,68.69MiB / 7.563GiB
1780077384000,0.27%,68.91MiB / 7.563GiB
1780077386000,0.25%,69.27MiB / 7.563GiB
1780077388000,0.50%,68.82MiB / 7.563GiB
1780077390000,1.14%,69.28MiB / 7.563GiB
1780077393000,0.97%,69.04MiB / 7.563GiB
1780077395000,0.44%,69.05MiB / 7.563GiB
1780077397000,0.59%,69.35MiB / 7.563GiB
1780077399000,0.35%,68.95MiB / 7.563GiB
1780077402000,0.67%,69.74MiB / 7.563GiB
1780077404000,0.38%,68.98MiB / 7.563GiB
1780077406000,0.51%,69.09MiB / 7.563GiB
1780077408000,0.82%,69.16MiB / 7.563GiB
1780077410000,0.70%,69.3MiB / 7.563GiB
1780077413000,0.41%,69.55MiB / 7.563GiB
1780077415000,0.81%,69.32MiB / 7.563GiB
1780077417000,1.19%,69.21MiB / 7.563GiB
1780077419000,1.08%,68.88MiB / 7.563GiB
1780077423000,1.08%,69.12MiB / 7.563GiB
1780077425000,1.32%,69.11MiB / 7.563GiB
1780077427000,1.18%,68.96MiB / 7.563GiB
1780077429000,0.76%,69.37MiB / 7.563GiB
1780077432000,0.66%,68.82MiB / 7.563GiB
1780077434000,0.51%,69.35MiB / 7.563GiB
1780077436000,0.53%,69.43MiB / 7.563GiB
1780077438000,0.54%,68.9MiB / 7.563GiB
1780077440000,1.01%,69.82MiB / 7.563GiB
1780077443000,0.70%,69.33MiB / 7.563GiB
1780077445000,7.50%,69.24MiB / 7.563GiB
1780077447000,0.45%,69.45MiB / 7.563GiB
1780077449000,0.31%,69.08MiB / 7.563GiB
1780077452000,0.35%,69.39MiB / 7.563GiB
1780077454000,0.28%,68.92MiB / 7.563GiB
1780077456000,0.40%,69.2MiB / 7.563GiB
1780077458000,0.21%,69.45MiB / 7.563GiB
1780077460000,0.41%,69.33MiB / 7.563GiB
1780077463000,0.62%,69.83MiB / 7.563GiB
1780077465000,0.69%,69.31MiB / 7.563GiB
1780077467000,0.44%,69.49MiB / 7.563GiB
1780077469000,0.23%,69.07MiB / 7.563GiB
1780077472000,0.38%,69.65MiB / 7.563GiB
1780077474000,1.33%,70.03MiB / 7.563GiB
1780077476000,0.54%,69.31MiB / 7.563GiB
1780077479000,0.38%,69.62MiB / 7.563GiB
1780077481000,0.53%,69.48MiB / 7.563GiB
1780077484000,0.54%,69.3MiB / 7.563GiB
1780077486000,0.55%,69.53MiB / 7.563GiB
1780077488000,0.43%,69.05MiB / 7.563GiB
1780077490000,0.82%,69.49MiB / 7.563GiB
1780077493000,0.95%,69.02MiB / 7.563GiB
1780077495000,0.76%,69.25MiB / 7.563GiB
1780077497000,0.73%,68.79MiB / 7.563GiB
1780077499000,0.70%,69.33MiB / 7.563GiB
1780077502000,0.72%,69.46MiB / 7.563GiB
1780077504000,0.69%,69.13MiB / 7.563GiB
1780077506000,0.30%,69.26MiB / 7.563GiB
1780077508000,1.23%,69.54MiB / 7.563GiB
1780077510000,0.80%,69.25MiB / 7.563GiB
1780077513000,0.86%,69.48MiB / 7.563GiB
1780077515000,0.82%,69.01MiB / 7.563GiB
1780077517000,1.09%,69.32MiB / 7.563GiB
1780077519000,0.27%,68.94MiB / 7.563GiB
1780077522000,0.72%,69.42MiB / 7.563GiB
1780077524000,0.21%,69.47MiB / 7.563GiB
1780077526000,0.32%,69.26MiB / 7.563GiB
1780077528000,0.77%,69.73MiB / 7.563GiB
1780077530000,1.02%,69.7MiB / 7.563GiB
1780077533000,0.75%,69.71MiB / 7.563GiB
1780077535000,7.40%,69.55MiB / 7.563GiB
1780077538000,0.63%,69.5MiB / 7.563GiB
1780077540000,1.75%,69.05MiB / 7.563GiB
1780077543000,0.97%,69.17MiB / 7.563GiB
1780077545000,0.44%,69.48MiB / 7.563GiB
1780077547000,0.75%,69.61MiB / 7.563GiB
1780077549000,0.50%,69.77MiB / 7.563GiB
1780077552000,0.55%,69.52MiB / 7.563GiB
1780077554000,0.45%,69.06MiB / 7.563GiB
1780077556000,0.82%,69.37MiB / 7.563GiB
1780077558000,0.63%,68.85MiB / 7.563GiB
1780077560000,0.72%,69.77MiB / 7.563GiB
1780077563000,0.49%,68.86MiB / 7.563GiB
1780077565000,7.61%,69.78MiB / 7.563GiB
1780077567000,1.07%,69.44MiB / 7.563GiB
1780077569000,0.57%,69.07MiB / 7.563GiB
1780077572000,1.00%,69.36MiB / 7.563GiB
1780077574000,1.18%,68.91MiB / 7.563GiB
1780077576000,0.42%,69.14MiB / 7.563GiB
1780077578000,0.48%,69.44MiB / 7.563GiB
1780077580000,0.71%,69.38MiB / 7.563GiB
1780077583000,0.69%,69.68MiB / 7.563GiB
1780077585000,0.63%,69.15MiB / 7.563GiB
1780077587000,0.46%,69.2MiB / 7.563GiB
1780077589000,0.41%,69.59MiB / 7.563GiB
1780077593000,0.44%,69.12MiB / 7.563GiB
1780077595000,0.76%,69.43MiB / 7.563GiB
1780077597000,0.28%,68.98MiB / 7.563GiB
1780077599000,0.49%,69.34MiB / 7.563GiB
1780077601000,0.66%,69.21MiB / 7.563GiB
1780077604000,1.11%,69.56MiB / 7.563GiB
1780077606000,0.31%,69.54MiB / 7.563GiB
1780077608000,0.57%,69.36MiB / 7.563GiB
1780077610000,0.31%,70.01MiB / 7.563GiB
1780077613000,0.68%,69.07MiB / 7.563GiB
1780077615000,0.73%,69.29MiB / 7.563GiB
1780077617000,0.87%,69.61MiB / 7.563GiB
1780077619000,0.84%,70.05MiB / 7.563GiB
1780077622000,1.17%,70.44MiB / 7.563GiB
1780077624000,0.32%,70.2MiB / 7.563GiB
1780077626000,6.77%,69.77MiB / 7.563GiB
1780077628000,0.72%,69.77MiB / 7.563GiB
1780077630000,1.07%,69.29MiB / 7.563GiB
1780077633000,0.73%,69.57MiB / 7.563GiB
1780077635000,0.65%,69.11MiB / 7.563GiB
1780077637000,1.01%,69.42MiB / 7.563GiB
1780077639000,0.79%,69.04MiB / 7.563GiB
1780077642000,0.73%,69.68MiB / 7.563GiB
1780077644000,0.49%,69.82MiB / 7.563GiB
1780077646000,0.66%,69.33MiB / 7.563GiB
1780077649000,0.69%,69.62MiB / 7.563GiB
1780077651000,0.59%,69.05MiB / 7.563GiB
1780077654000,0.51%,69.3MiB / 7.563GiB
1780077656000,7.09%,69.65MiB / 7.563GiB
1780077658000,1.08%,69.72MiB / 7.563GiB
1780077660000,1.08%,69.98MiB / 7.563GiB
1780077663000,0.84%,69.25MiB / 7.563GiB
1780077665000,0.68%,69.48MiB / 7.563GiB
1780077667000,1.30%,69.89MiB / 7.563GiB
1780077669000,0.89%,69.4MiB / 7.563GiB
1780077672000,0.40%,69.65MiB / 7.563GiB
1780077674000,0.34%,69.67MiB / 7.563GiB
1780077676000,0.79%,69.98MiB / 7.563GiB
1780077678000,0.47%,70.21MiB / 7.563GiB
1780077680000,0.42%,69.63MiB / 7.563GiB
1780077683000,0.58%,69.84MiB / 7.563GiB
1780077685000,0.89%,69.47MiB / 7.563GiB
1780077687000,1.02%,69.94MiB / 7.563GiB
1780077689000,0.24%,69.9MiB / 7.563GiB
1780077692000,0.45%,69.46MiB / 7.563GiB
1780077694000,0.57%,69.77MiB / 7.563GiB
1780077696000,0.42%,69.23MiB / 7.563GiB
1780077698000,0.45%,69.54MiB / 7.563GiB
1780077700000,0.46%,69.48MiB / 7.563GiB
1780077703000,0.97%,69.79MiB / 7.563GiB
1780077705000,0.39%,69.77MiB / 7.563GiB
1780077708000,0.54%,69.28MiB / 7.563GiB
1780077710000,0.22%,69.66MiB / 7.563GiB
1780077713000,0.38%,69.18MiB / 7.563GiB
1780077715000,0.43%,69.67MiB / 7.563GiB
1780077717000,8.11%,69.78MiB / 7.563GiB
1780077719000,0.34%,69.46MiB / 7.563GiB
1780077722000,0.95%,69.77MiB / 7.563GiB
1780077724000,1.10%,69.75MiB / 7.563GiB
1780077726000,0.65%,69.81MiB / 7.563GiB
1780077728000,0.48%,70.12MiB / 7.563GiB
1780077730000,0.80%,69.59MiB / 7.563GiB
1780077733000,0.91%,70.15MiB / 7.563GiB
1780077735000,1.01%,69.34MiB / 7.563GiB
1780077737000,0.97%,69.79MiB / 7.563GiB
1780077739000,0.57%,69.66MiB / 7.563GiB
1780077742000,1.00%,70.09MiB / 7.563GiB
1780077744000,0.63%,70.24MiB / 7.563GiB
1780077746000,7.96%,69.48MiB / 7.563GiB
1780077748000,0.68%,70.03MiB / 7.563GiB
1780077750000,0.88%,69.42MiB / 7.563GiB
1780077753000,0.45%,69.65MiB / 7.563GiB
1780077755000,0.62%,70.18MiB / 7.563GiB
1780077757000,0.99%,69.73MiB / 7.563GiB
1780077759000,0.85%,69.87MiB / 7.563GiB
1780077762000,0.24%,70.09MiB / 7.563GiB
1780077765000,0.48%,69.61MiB / 7.563GiB
1780077767000,0.42%,69.92MiB / 7.563GiB
1780077769000,0.38%,70.15MiB / 7.563GiB
1780077771000,0.43%,69.84MiB / 7.563GiB
1780077774000,0.43%,70.14MiB / 7.563GiB
1780077776000,0.73%,70.16MiB / 7.563GiB
1780077778000,0.67%,70MiB / 7.563GiB
1780077780000,0.58%,69.61MiB / 7.563GiB
1780077783000,0.22%,69.87MiB / 7.563GiB
1780077785000,0.22%,70.43MiB / 7.563GiB
1780077787000,0.43%,69.42MiB / 7.563GiB
1780077789000,1.09%,68.81MiB / 7.563GiB
1780077792000,0.31%,69.07MiB / 7.563GiB
1780077794000,0.32%,69.38MiB / 7.563GiB
1780077796000,0.67%,68.71MiB / 7.563GiB
1780077798000,0.39%,68.94MiB / 7.563GiB
1780077800000,0.31%,68.6MiB / 7.563GiB
1780077803000,0.33%,69.39MiB / 7.563GiB
1780077805000,0.76%,69.18MiB / 7.563GiB
1780077807000,2.45%,69.47MiB / 7.563GiB
1780077809000,0.24%,69.34MiB / 7.563GiB
1780077812000,0.49%,68.98MiB / 7.563GiB
1780077814000,0.72%,69.2MiB / 7.563GiB
1780077816000,0.28%,69.27MiB / 7.563GiB
1780077819000,0.26%,69.46MiB / 7.563GiB
1780077821000,0.34%,69.49MiB / 7.563GiB
1780077824000,0.56%,69.01MiB / 7.563GiB
1780077826000,0.64%,69.47MiB / 7.563GiB
1780077828000,0.64%,69.03MiB / 7.563GiB
1780077830000,0.25%,68.92MiB / 7.563GiB
1780077833000,0.40%,69.23MiB / 7.563GiB
1780077835000,0.44%,69.15MiB / 7.563GiB
1780077837000,9.48%,69.03MiB / 7.563GiB
1780077839000,0.44%,68.72MiB / 7.563GiB
1780077842000,0.40%,69.23MiB / 7.563GiB
1780077844000,0.64%,69.29MiB / 7.563GiB
1780077846000,0.84%,68.99MiB / 7.563GiB
1780077848000,0.47%,69.08MiB / 7.563GiB
1780077850000,0.67%,69.2MiB / 7.563GiB
1780077853000,0.84%,69.36MiB / 7.563GiB
1780077855000,0.46%,68.58MiB / 7.563GiB
1780077857000,0.84%,68.91MiB / 7.563GiB
1780077859000,0.52%,69.96MiB / 7.563GiB
1780077862000,1.28%,68.85MiB / 7.563GiB
1780077865000,0.41%,69.09MiB / 7.563GiB
1780077867000,11.50%,79.66MiB / 7.563GiB
1780077869000,0.58%,68.89MiB / 7.563GiB
1780077871000,1.35%,69.36MiB / 7.563GiB
1780077874000,0.58%,68.98MiB / 7.563GiB
1780077876000,0.85%,69.14MiB / 7.563GiB
1780077878000,0.54%,68.62MiB / 7.563GiB
1780077880000,1.15%,68.94MiB / 7.563GiB
1780077883000,0.49%,69.51MiB / 7.563GiB
1780077885000,0.39%,69.04MiB / 7.563GiB
1780077887000,0.96%,69.2MiB / 7.563GiB
1780077889000,0.66%,69.01MiB / 7.563GiB
1780077892000,1.01%,69.22MiB / 7.563GiB
1780077894000,0.45%,69.12MiB / 7.563GiB
1780077896000,0.40%,68.93MiB / 7.563GiB
1780077898000,0.97%,69.53MiB / 7.563GiB
1780077901000,0.61%,68.94MiB / 7.563GiB
1780077904000,0.50%,69.19MiB / 7.563GiB
1780077906000,1.04%,68.75MiB / 7.563GiB
1780077908000,0.74%,69.04MiB / 7.563GiB
1780077910000,1.38%,68.89MiB / 7.563GiB
1780077913000,1.26%,68.88MiB / 7.563GiB
1780077915000,0.28%,69.18MiB / 7.563GiB
1780077917000,0.43%,68.73MiB / 7.563GiB
1780077919000,0.88%,69.76MiB / 7.563GiB
1780077922000,0.77%,68.89MiB / 7.563GiB
1780077924000,0.62%,68.95MiB / 7.563GiB
1780077926000,0.76%,69.25MiB / 7.563GiB
1780077928000,0.69%,69.1MiB / 7.563GiB
1780077930000,0.66%,69.47MiB / 7.563GiB
1780077933000,0.47%,68.94MiB / 7.563GiB
1780077935000,0.47%,69.07MiB / 7.563GiB
1780077937000,0.92%,68.87MiB / 7.563GiB
1780077939000,0.67%,69.36MiB / 7.563GiB
1780077942000,0.46%,69.25MiB / 7.563GiB
1780077945000,0.40%,68.8MiB / 7.563GiB
1780077947000,0.55%,69.1MiB / 7.563GiB
1780077949000,1.00%,69MiB / 7.563GiB
1780077952000,0.98%,69.24MiB / 7.563GiB
1780077954000,0.68%,69.77MiB / 7.563GiB
1780077956000,1.00%,69.11MiB / 7.563GiB
1780077958000,15.56%,69.18MiB / 7.563GiB
1780077960000,0.51%,68.79MiB / 7.563GiB
1780077963000,0.26%,69.04MiB / 7.563GiB
1780077965000,0.41%,69.59MiB / 7.563GiB
1780077967000,0.63%,69.34MiB / 7.563GiB
1780077969000,0.74%,69.83MiB / 7.563GiB
1780077972000,0.52%,69.05MiB / 7.563GiB
1780077974000,0.37%,69.66MiB / 7.563GiB
1780077976000,0.91%,69.2MiB / 7.563GiB
1780077978000,0.36%,69.17MiB / 7.563GiB
1780077981000,0.29%,69.78MiB / 7.563GiB
1780077984000,0.37%,68.91MiB / 7.563GiB
1780077986000,0.77%,69.68MiB / 7.563GiB
1780077988000,11.02%,68.72MiB / 7.563GiB
1780077990000,0.35%,69.22MiB / 7.563GiB
1780077993000,0.37%,68.64MiB / 7.563GiB
1780077995000,0.57%,68.94MiB / 7.563GiB
1780077997000,0.56%,69.41MiB / 7.563GiB
1780077999000,0.48%,69.07MiB / 7.563GiB
1780078002000,0.62%,69.14MiB / 7.563GiB
1780078004000,0.86%,68.7MiB / 7.563GiB
1780078006000,0.62%,68.98MiB / 7.563GiB
1780078008000,0.66%,69.23MiB / 7.563GiB
1780078010000,0.49%,69.08MiB / 7.563GiB
1780078013000,0.36%,69.4MiB / 7.563GiB
1780078015000,0.97%,68.91MiB / 7.563GiB
1780078017000,0.33%,69.16MiB / 7.563GiB
1780078019000,0.60%,68.64MiB / 7.563GiB
1780078022000,0.36%,69.5MiB / 7.563GiB
1780078024000,0.85%,69.5MiB / 7.563GiB
1780078027000,0.36%,68.79MiB / 7.563GiB
1780078029000,0.41%,69.12MiB / 7.563GiB
1780078031000,0.38%,70.16MiB / 7.563GiB
1780078034000,1.00%,70.12MiB / 7.563GiB
1780078036000,0.39%,70.38MiB / 7.563GiB
1780078038000,0.42%,69.45MiB / 7.563GiB
1780078040000,0.42%,69.7MiB / 7.563GiB
1780078043000,0.65%,68.79MiB / 7.563GiB
1780078045000,0.28%,69.26MiB / 7.563GiB
1780078047000,0.41%,69.56MiB / 7.563GiB
1780078049000,0.71%,69.26MiB / 7.563GiB
1780078052000,0.66%,69.34MiB / 7.563GiB
1780078054000,0.58%,68.84MiB / 7.563GiB
1780078056000,0.59%,69.42MiB / 7.563GiB
1780078058000,0.91%,69.41MiB / 7.563GiB
1780078060000,0.31%,69.02MiB / 7.563GiB
1780078063000,1.17%,69.52MiB / 7.563GiB
1780078065000,0.28%,69MiB / 7.563GiB
1780078067000,0.46%,69.09MiB / 7.563GiB
1780078069000,0.74%,68.75MiB / 7.563GiB
1780078072000,0.92%,69.05MiB / 7.563GiB
1780078075000,0.53%,69.52MiB / 7.563GiB
1780078077000,0.37%,69.07MiB / 7.563GiB
1780078079000,11.65%,69.5MiB / 7.563GiB
1780078081000,0.78%,69.41MiB / 7.563GiB
1780078084000,0.44%,69.12MiB / 7.563GiB
1780078086000,0.67%,69.68MiB / 7.563GiB
1780078088000,0.81%,68.97MiB / 7.563GiB
1780078090000,0.61%,69.63MiB / 7.563GiB
1780078093000,0.48%,68.85MiB / 7.563GiB
1780078095000,0.24%,69.15MiB / 7.563GiB
1780078097000,0.47%,69.45MiB / 7.563GiB
1780078099000,0.97%,69.21MiB / 7.563GiB
1780078102000,0.45%,69.7MiB / 7.563GiB
1780078104000,0.51%,68.9MiB / 7.563GiB
1780078106000,0.70%,69.44MiB / 7.563GiB
1780078108000,3.57%,70.83MiB / 7.563GiB
1780078110000,0.37%,69.17MiB / 7.563GiB
1780078113000,0.28%,69.77MiB / 7.563GiB
1780078115000,0.39%,68.88MiB / 7.563GiB
1780078117000,0.80%,69.6MiB / 7.563GiB
1780078120000,1.25%,69.11MiB / 7.563GiB
1780078123000,0.88%,69.32MiB / 7.563GiB
1780078125000,0.39%,69.43MiB / 7.563GiB
1780078127000,0.84%,69.17MiB / 7.563GiB
1780078129000,0.75%,69.41MiB / 7.563GiB
1780078132000,0.37%,68.84MiB / 7.563GiB
1780078134000,0.50%,69.17MiB / 7.563GiB
1780078136000,1.55%,68.72MiB / 7.563GiB
1780078138000,1.30%,69.45MiB / 7.563GiB
1780078140000,0.71%,69.62MiB / 7.563GiB
1780078143000,0.22%,68.9MiB / 7.563GiB
1780078145000,0.58%,69.2MiB / 7.563GiB
1780078148000,0.42%,68.73MiB / 7.563GiB
1780078150000,1.11%,69.66MiB / 7.563GiB
1780078153000,0.99%,69.68MiB / 7.563GiB
1780078155000,0.38%,69.46MiB / 7.563GiB
1780078157000,0.68%,69.74MiB / 7.563GiB
1780078159000,0.67%,69.25MiB / 7.563GiB
1780078162000,0.61%,69.21MiB / 7.563GiB
1780078164000,0.91%,69.06MiB / 7.563GiB
1780078166000,0.62%,69.32MiB / 7.563GiB
1780078168000,0.46%,69.27MiB / 7.563GiB
1780078170000,0.37%,69.47MiB / 7.563GiB
1780078173000,0.34%,69.75MiB / 7.563GiB
1780078175000,0.61%,69.06MiB / 7.563GiB
1780078177000,0.55%,69.51MiB / 7.563GiB
1780078179000,0.58%,68.86MiB / 7.563GiB
1780078182000,0.67%,69.12MiB / 7.563GiB
1780078184000,0.78%,69.82MiB / 7.563GiB
1780078186000,0.80%,69.07MiB / 7.563GiB
1780078188000,0.78%,69.32MiB / 7.563GiB
1780078191000,0.32%,69.46MiB / 7.563GiB
1780078194000,0.26%,68.96MiB / 7.563GiB
1780078196000,0.54%,69.27MiB / 7.563GiB
1780078198000,0.34%,68.97MiB / 7.563GiB
1780078200000,0.55%,69.45MiB / 7.563GiB
1780078203000,0.52%,69.03MiB / 7.563GiB
1780078205000,0.90%,69.59MiB / 7.563GiB
1780078207000,0.38%,69.78MiB / 7.563GiB
1780078209000,0.44%,69.16MiB / 7.563GiB
1780078212000,0.39%,69.32MiB / 7.563GiB
1780078214000,0.82%,68.98MiB / 7.563GiB
1780078216000,0.39%,69.24MiB / 7.563GiB
1780078218000,0.49%,70.17MiB / 7.563GiB
1780078220000,0.24%,69.21MiB / 7.563GiB
1780078223000,0.73%,69.6MiB / 7.563GiB
1780078225000,0.25%,68.99MiB / 7.563GiB
1780078227000,0.36%,69.51MiB / 7.563GiB
1780078229000,0.57%,69.24MiB / 7.563GiB
1780078232000,0.81%,69.32MiB / 7.563GiB
1780078234000,0.69%,69.53MiB / 7.563GiB
1780078237000,0.42%,69.34MiB / 7.563GiB
1780078239000,0.69%,69.69MiB / 7.563GiB
1780078241000,0.32%,68.81MiB / 7.563GiB
1780078244000,0.57%,69.34MiB / 7.563GiB
1780078246000,0.22%,69.34MiB / 7.563GiB
1780078248000,0.22%,68.86MiB / 7.563GiB
1780078250000,0.62%,69.81MiB / 7.563GiB
1780078253000,0.86%,69.13MiB / 7.563GiB
1780078255000,0.51%,69.55MiB / 7.563GiB
1780078257000,0.33%,69.42MiB / 7.563GiB
1780078259000,10.69%,69.11MiB / 7.563GiB
1780078262000,0.67%,69.68MiB / 7.563GiB
1780078264000,0.36%,69.26MiB / 7.563GiB
1780078266000,0.51%,69.32MiB / 7.563GiB
1780078268000,0.91%,68.73MiB / 7.563GiB
1780078270000,0.57%,69.71MiB / 7.563GiB
1780078273000,0.40%,69.37MiB / 7.563GiB
1780078275000,0.35%,69.33MiB / 7.563GiB
1780078277000,0.88%,69.43MiB / 7.563GiB
1780078279000,0.91%,69.39MiB / 7.563GiB
1780078283000,0.53%,69.14MiB / 7.563GiB
1780078285000,0.48%,69.45MiB / 7.563GiB
1780078287000,0.58%,68.96MiB / 7.563GiB
1780078289000,0.83%,69.5MiB / 7.563GiB
1780078291000,0.54%,69.11MiB / 7.563GiB
1780078294000,0.26%,69.16MiB / 7.563GiB
1780078296000,0.39%,69.95MiB / 7.563GiB
1780078298000,0.52%,69.44MiB / 7.563GiB
1780078300000,0.65%,69.38MiB / 7.563GiB
1780078303000,0.57%,69.39MiB / 7.563GiB
1780078305000,0.42%,69.21MiB / 7.563GiB
1780078307000,0.80%,68.93MiB / 7.563GiB
1780078309000,0.60%,69.45MiB / 7.563GiB
1780078312000,0.36%,69.62MiB / 7.563GiB
1780078314000,0.32%,69.09MiB / 7.563GiB
1780078316000,0.57%,69.74MiB / 7.563GiB
1780078318000,0.72%,68.75MiB / 7.563GiB
1780078320000,0.44%,69.2MiB / 7.563GiB
1780078323000,0.48%,68.75MiB / 7.563GiB
1780078325000,0.51%,69.28MiB / 7.563GiB
1780078327000,0.36%,69.28MiB / 7.563GiB
1780078330000,1.32%,69.32MiB / 7.563GiB
1780078333000,1.03%,69.53MiB / 7.563GiB
1780078335000,1.33%,68.81MiB / 7.563GiB
1780078337000,1.07%,69.53MiB / 7.563GiB
1780078339000,0.50%,69.46MiB / 7.563GiB
1780078342000,0.32%,68.96MiB / 7.563GiB
1780078344000,0.27%,69.25MiB / 7.563GiB
1780078346000,0.79%,69.03MiB / 7.563GiB
1780078348000,0.28%,69.26MiB / 7.563GiB
1780078350000,12.53%,69.57MiB / 7.563GiB
1780078353000,0.64%,69.09MiB / 7.563GiB
1780078355000,0.58%,69.38MiB / 7.563GiB
1780078357000,0.12%,69.02MiB / 7.563GiB
1780078359000,0.40%,69.93MiB / 7.563GiB
1780078362000,0.77%,69.32MiB / 7.563GiB
1780078364000,0.74%,69.4MiB / 7.563GiB
1780078366000,0.35%,69.55MiB / 7.563GiB
1780078368000,0.57%,68.9MiB / 7.563GiB
1780078371000,0.33%,69.43MiB / 7.563GiB
1780078374000,0.66%,69.3MiB / 7.563GiB
1780078376000,0.24%,69.23MiB / 7.563GiB
1780078378000,0.24%,69.59MiB / 7.563GiB
1780078380000,12.94%,69.16MiB / 7.563GiB
1780078383000,0.78%,69.68MiB / 7.563GiB
1780078385000,0.89%,69.1MiB / 7.563GiB
1780078387000,0.57%,69.19MiB / 7.563GiB
1780078389000,0.47%,69.17MiB / 7.563GiB
1780078392000,0.35%,69.11MiB / 7.563GiB
1780078394000,0.53%,69.64MiB / 7.563GiB
1780078396000,0.24%,68.86MiB / 7.563GiB
1780078398000,0.31%,69.16MiB / 7.563GiB
1780078400000,0.60%,68.85MiB / 7.563GiB
1780078403000,0.86%,69.16MiB / 7.563GiB
1780078405000,0.38%,69.43MiB / 7.563GiB
1780078407000,0.36%,68.95MiB / 7.563GiB
1780078409000,0.48%,69.39MiB / 7.563GiB
1780078412000,1.28%,69.5MiB / 7.563GiB
1780078414000,0.39%,69.34MiB / 7.563GiB
1780078417000,0.50%,69.86MiB / 7.563GiB
1780078419000,0.99%,69.5MiB / 7.563GiB
1780078421000,0.68%,69.45MiB / 7.563GiB
1780078424000,0.50%,68.91MiB / 7.563GiB
1780078426000,0.29%,69.22MiB / 7.563GiB
1780078428000,0.56%,69.52MiB / 7.563GiB
1780078430000,1.02%,69.66MiB / 7.563GiB
1780078433000,0.58%,69.67MiB / 7.563GiB
1780078435000,0.52%,69.2MiB / 7.563GiB
1780078438000,0.99%,69.3MiB / 7.563GiB
1780078440000,0.75%,69.29MiB / 7.563GiB
1780078443000,0.54%,69.8MiB / 7.563GiB
1780078445000,0.32%,69.62MiB / 7.563GiB
1780078447000,0.35%,69.14MiB / 7.563GiB
1780078449000,0.89%,69.54MiB / 7.563GiB
1780078451000,0.99%,69.18MiB / 7.563GiB
1780078454000,0.47%,69.21MiB / 7.563GiB
1780078456000,0.49%,69.2MiB / 7.563GiB
1780078458000,1.01%,69.11MiB / 7.563GiB
1780078460000,0.73%,69.54MiB / 7.563GiB
1780078463000,0.66%,69.52MiB / 7.563GiB
1780078465000,0.41%,69.8MiB / 7.563GiB
1780078467000,1.08%,69.13MiB / 7.563GiB
1780078469000,0.71%,69.35MiB / 7.563GiB
1780078471000,10.80%,69.83MiB / 7.563GiB
1780078474000,0.30%,68.95MiB / 7.563GiB
1780078476000,0.64%,69.23MiB / 7.563GiB
1780078478000,0.54%,69.47MiB / 7.563GiB
1780078480000,0.69%,70.35MiB / 7.563GiB
1780078483000,0.46%,70.6MiB / 7.563GiB
1780078485000,0.71%,70.07MiB / 7.563GiB
1780078487000,0.82%,69.84MiB / 7.563GiB
1780078489000,0.54%,68.89MiB / 7.563GiB
1780078492000,0.27%,69.14MiB / 7.563GiB
1780078494000,0.28%,69.66MiB / 7.563GiB
1780078496000,0.51%,68.97MiB / 7.563GiB
1780078499000,0.31%,69.2MiB / 7.563GiB
1780078501000,10.51%,69.11MiB / 7.563GiB
1780078504000,0.70%,69.47MiB / 7.563GiB
1780078506000,0.77%,69.97MiB / 7.563GiB
1780078508000,0.32%,69.03MiB / 7.563GiB
1780078510000,0.57%,69.82MiB / 7.563GiB
1780078513000,0.55%,69.14MiB / 7.563GiB
1780078515000,0.67%,69.46MiB / 7.563GiB
1780078517000,0.54%,69.82MiB / 7.563GiB
1780078519000,0.41%,69.45MiB / 7.563GiB
1780078522000,0.51%,69.5MiB / 7.563GiB
1780078524000,0.64%,69.29MiB / 7.563GiB
1780078526000,0.27%,69.27MiB / 7.563GiB
1780078528000,0.27%,69.57MiB / 7.563GiB
1780078530000,0.59%,69.25MiB / 7.563GiB
1780078533000,0.68%,69.49MiB / 7.563GiB
1780078535000,0.90%,69.3MiB / 7.563GiB
1780078537000,0.50%,69.36MiB / 7.563GiB
1780078539000,0.26%,68.96MiB / 7.563GiB
1780078542000,0.35%,69.26MiB / 7.563GiB
1780078544000,0.91%,69.79MiB / 7.563GiB
1780078546000,0.51%,69.28MiB / 7.563GiB
1780078549000,0.80%,69.64MiB / 7.563GiB
1780078551000,0.82%,69.52MiB / 7.563GiB
1780078554000,0.84%,69.61MiB / 7.563GiB
1780078556000,0.40%,69.27MiB / 7.563GiB
1780078558000,0.33%,69.14MiB / 7.563GiB
1780078560000,0.59%,69.58MiB / 7.563GiB
1780078563000,0.83%,69.14MiB / 7.563GiB
1780078565000,0.60%,69.72MiB / 7.563GiB
1780078567000,0.57%,69.27MiB / 7.563GiB
1780078569000,0.23%,69.45MiB / 7.563GiB
1780078572000,0.35%,69.54MiB / 7.563GiB
1780078574000,0.41%,69.09MiB / 7.563GiB
1780078576000,0.22%,69.59MiB / 7.563GiB
1780078578000,0.48%,68.87MiB / 7.563GiB
1780078580000,0.63%,69.32MiB / 7.563GiB
1780078583000,0.98%,69.11MiB / 7.563GiB
1780078585000,0.73%,69.09MiB / 7.563GiB
1780078588000,0.84%,69.44MiB / 7.563GiB
1780078590000,0.53%,69.1MiB / 7.563GiB
1780078593000,19.65%,70.04MiB / 7.563GiB
1780078595000,0.78%,68.93MiB / 7.563GiB
1780078597000,0.98%,69.73MiB / 7.563GiB
1780078599000,0.51%,69.12MiB / 7.563GiB
1780078602000,0.22%,69.59MiB / 7.563GiB
1780078604000,0.41%,69.8MiB / 7.563GiB
1780078606000,0.43%,69.15MiB / 7.563GiB
1780078609000,0.67%,69.51MiB / 7.563GiB
1780078611000,0.58%,69.21MiB / 7.563GiB
1780078614000,0.61%,69.76MiB / 7.563GiB
1780078616000,0.49%,69.74MiB / 7.563GiB
1780078618000,0.30%,69.06MiB / 7.563GiB
1780078620000,0.81%,69.6MiB / 7.563GiB
1780078623000,16.26%,69.54MiB / 7.563GiB
1780078625000,0.87%,70.11MiB / 7.563GiB
1780078627000,1.69%,70.06MiB / 7.563GiB
1780078629000,0.31%,69.26MiB / 7.563GiB
1780078632000,1.05%,69.56MiB / 7.563GiB
1780078634000,0.87%,69.09MiB / 7.563GiB
1780078637000,0.29%,69.31MiB / 7.563GiB
1780078639000,2.03%,69.19MiB / 7.563GiB
1780078641000,0.56%,69.55MiB / 7.563GiB
1780078644000,0.84%,69.86MiB / 7.563GiB
1780078646000,0.67%,69.15MiB / 7.563GiB
1780078648000,0.71%,69.45MiB / 7.563GiB
1780078650000,1.08%,69.13MiB / 7.563GiB
1780078653000,14.83%,69.5MiB / 7.563GiB
1780078655000,0.95%,69.02MiB / 7.563GiB
1780078657000,0.78%,69.24MiB / 7.563GiB
1780078660000,0.43%,69.78MiB / 7.563GiB
1780078663000,0.36%,69.14MiB / 7.563GiB
1780078665000,1.16%,69.51MiB / 7.563GiB
1780078667000,0.57%,69.11MiB / 7.563GiB
1780078669000,0.49%,69.62MiB / 7.563GiB
1780078672000,0.65%,68.97MiB / 7.563GiB
1780078674000,0.97%,69.52MiB / 7.563GiB
1780078676000,0.51%,69.77MiB / 7.563GiB
1780078678000,0.93%,69.06MiB / 7.563GiB
1780078680000,0.96%,69.61MiB / 7.563GiB
1780078684000,39.39%,69.13MiB / 7.563GiB
1780078686000,0.82%,69.43MiB / 7.563GiB
1780078688000,1.38%,69.74MiB / 7.563GiB
1780078691000,1.29%,69.55MiB / 7.563GiB
1780078694000,1.27%,69.79MiB / 7.563GiB
1780078696000,0.84%,69.55MiB / 7.563GiB
1780078698000,1.09%,69.42MiB / 7.563GiB
1780078700000,1.30%,69.36MiB / 7.563GiB
1780078703000,1.11%,69.59MiB / 7.563GiB
1780078705000,1.46%,69.38MiB / 7.563GiB
1780078707000,1.80%,69.44MiB / 7.563GiB
1780078709000,1.04%,70.07MiB / 7.563GiB
1780078712000,0.92%,69.32MiB / 7.563GiB
1780078715000,17.46%,69.41MiB / 7.563GiB
1780078717000,0.54%,68.96MiB / 7.563GiB
1780078719000,1.30%,69.27MiB / 7.563GiB
1780078721000,1.56%,69.18MiB / 7.563GiB
1780078724000,0.86%,69.43MiB / 7.563GiB
1780078726000,0.71%,69.73MiB / 7.563GiB
1780078728000,1.11%,69.04MiB / 7.563GiB
1780078730000,0.83%,69.48MiB / 7.563GiB
1780078733000,1.57%,69.67MiB / 7.563GiB
1780078735000,0.75%,69.36MiB / 7.563GiB
1780078738000,1.13%,70.08MiB / 7.563GiB
1780078740000,1.48%,69.18MiB / 7.563GiB
1780078743000,1.48%,70.15MiB / 7.563GiB
1780078745000,15.39%,69.34MiB / 7.563GiB
1780078747000,1.12%,69.45MiB / 7.563GiB
